2026-05-24 00:08:22 [http-nio-8080-exec-10] DEBUG o.s.d.r.core.RedisConnectionUtils - Fetching Redis Connection from RedisConnectionFactory
2026-05-24 00:08:22 [http-nio-8080-exec-10] DEBUG o.s.d.r.core.RedisConnectionUtils - Closing Redis Connection
2026-05-24 00:08:22 [http-nio-8080-exec-10] DEBUG o.s.s.w.h.S.SESSION_LOGGER - No session found by id: Caching result for getSession(false) for this HttpServletRequest.
2026-05-24 00:08:22 [http-nio-8080-exec-10] DEBUG o.s.s.w.h.S.SESSION_LOGGER - No session found by id: Caching result for getSession(false) for this HttpServletRequest.
2026-05-24 00:08:22 [http-nio-8080-exec-10] DEBUG o.s.s.w.h.S.SESSION_LOGGER - No session found by id: Caching result for getSession(false) for this HttpServletRequest.
2026-05-24 00:08:22 [http-nio-8080-exec-10] DEBUG o.s.s.w.h.S.SESSION_LOGGER - No session found by id: Caching result for getSession(false) for this HttpServletRequest.
2026-05-24 00:08:22 [http-nio-8080-exec-10] DEBUG o.s.s.w.h.S.SESSION_LOGGER - No session found by id: Caching result for getSession(false) for this HttpServletRequest.
2026-05-24 00:08:22 [http-nio-8080-exec-10] DEBUG o.s.s.w.h.S.SESSION_LOGGER - No session found by id: Caching result for getSession(false) for this HttpServletRequest.
2026-05-24 00:08:34 [http-nio-8080-exec-3] DEBUG o.s.d.r.core.RedisConnectionUtils - Fetching Redis Connection from RedisConnectionFactory
2026-05-24 00:08:34 [http-nio-8080-exec-3] DEBUG o.s.d.r.core.RedisConnectionUtils - Closing Redis Connection
2026-05-24 00:08:34 [http-nio-8080-exec-3] DEBUG o.s.s.w.h.S.SESSION_LOGGER - No session found by id: Caching result for getSession(false) for this HttpServletRequest.
2026-05-24 00:08:34 [http-nio-8080-exec-3] DEBUG o.s.s.w.h.S.SESSION_LOGGER - No session found by id: Caching result for getSession(false) for this HttpServletRequest.
2026-05-24 00:08:34 [http-nio-8080-exec-3] DEBUG o.s.s.w.h.S.SESSION_LOGGER - No session found by id: Caching result for getSession(false) for this HttpServletRequest.
2026-05-24 00:08:34 [http-nio-8080-exec-3] DEBUG o.s.s.w.h.S.SESSION_LOGGER - No session found by id: Caching result for getSession(false) for this HttpServletRequest.
2026-05-24 00:08:34 [http-nio-8080-exec-3] DEBUG o.s.s.w.h.S.SESSION_LOGGER - No session found by id: Caching result for getSession(false) for this HttpServletRequest.
2026-05-24 00:08:34 [http-nio-8080-exec-3] DEBUG o.s.s.w.h.S.SESSION_LOGGER - No session found by id: Caching result for getSession(false) for this HttpServletRequest.
2026-05-24 00:08:34 [http-nio-8080-exec-3] DEBUG o.s.d.r.core.RedisConnectionUtils - Fetching Redis Connection from RedisConnectionFactory
2026-05-24 00:08:34 [http-nio-8080-exec-3] DEBUG o.s.d.r.core.RedisConnectionUtils - Closing Redis Connection
2026-05-24 00:08:34 [http-nio-8080-exec-3] DEBUG o.s.s.w.h.S.SESSION_LOGGER - No session found by id: Caching result for getSession(false) for this HttpServletRequest.
2026-05-24 00:08:34 [http-nio-8080-exec-3] DEBUG o.s.s.w.h.S.SESSION_LOGGER - No session found by id: Caching result for getSession(false) for this HttpServletRequest.
2026-05-24 00:08:34 [http-nio-8080-exec-3] DEBUG o.s.s.w.h.S.SESSION_LOGGER - No session found by id: Caching result for getSession(false) for this HttpServletRequest.
2026-05-24 00:08:34 [http-nio-8080-exec-3] DEBUG o.s.s.w.h.S.SESSION_LOGGER - No session found by id: Caching result for getSession(false) for this HttpServletRequest.
2026-05-24 00:08:34 [http-nio-8080-exec-3] DEBUG o.s.s.w.h.S.SESSION_LOGGER - A new session was created. To help you troubleshoot where the session was created we provided a StackTrace (this is not an error). You can prevent this from appearing by disabling DEBUG logging for org.springframework.session.web.http.SessionRepositoryFilter.SESSION_LOGGER
java.lang.RuntimeException: For debugging purposes only (not an error)
	at org.springframework.session.web.http.SessionRepositoryFilter$SessionRepositoryRequestWrapper.getSession(SessionRepositoryFilter.java:314)
	at org.springframework.session.web.http.SessionRepositoryFilter$SessionRepositoryRequestWrapper.getSession(SessionRepositoryFilter.java:328)
	at org.springframework.session.web.http.SessionRepositoryFilter$SessionRepositoryRequestWrapper.getSession(SessionRepositoryFilter.java:193)
	at jakarta.servlet.http.HttpServletRequestWrapper.getSession(HttpServletRequestWrapper.java:229)
	at jakarta.servlet.http.HttpServletRequestWrapper.getSession(HttpServletRequestWrapper.java:229)
	at org.springframework.security.web.savedrequest.HttpSessionRequestCache.saveRequest(HttpSessionRequestCache.java:78)
	at org.springframework.security.web.access.ExceptionTranslationFilter.sendStartAuthentication(ExceptionTranslationFilter.java:218)
	at org.springframework.security.web.access.ExceptionTranslationFilter.handleAccessDeniedException(ExceptionTranslationFilter.java:197)
	at org.springframework.security.web.access.ExceptionTranslationFilter.handleSpringSecurityException(ExceptionTranslationFilter.java:178)
	at org.springframework.security.web.access.ExceptionTranslationFilter.doFilter(ExceptionTranslationFilter.java:147)
	at org.springframework.security.web.access.ExceptionTranslationFilter.doFilter(ExceptionTranslationFilter.java:120)
	at org.springframework.security.web.FilterChainProxy$VirtualFilterChain.doFilter(FilterChainProxy.java:374)
	at org.springframework.security.web.session.SessionManagementFilter.doFilter(SessionManagementFilter.java:91)
	at org.springframework.security.web.session.SessionManagementFilter.doFilter(SessionManagementFilter.java:85)
	at org.springframework.security.web.FilterChainProxy$VirtualFilterChain.doFilter(FilterChainProxy.java:374)
	at org.springframework.security.web.authentication.AnonymousAuthenticationFilter.doFilter(AnonymousAuthenticationFilter.java:100)
	at org.springframework.security.web.FilterChainProxy$VirtualFilterChain.doFilter(FilterChainProxy.java:374)
	at org.springframework.security.web.servletapi.SecurityContextHolderAwareRequestFilter.doFilter(SecurityContextHolderAwareRequestFilter.java:179)
	at org.springframework.security.web.FilterChainProxy$VirtualFilterChain.doFilter(FilterChainProxy.java:374)
	at org.springframework.security.web.savedrequest.RequestCacheAwareFilter.doFilter(RequestCacheAwareFilter.java:63)
	at org.springframework.security.web.FilterChainProxy$VirtualFilterChain.doFilter(FilterChainProxy.java:374)
	at org.springframework.security.web.session.ConcurrentSessionFilter.doFilter(ConcurrentSessionFilter.java:151)
	at org.springframework.security.web.session.ConcurrentSessionFilter.doFilter(ConcurrentSessionFilter.java:129)
	at org.springframework.security.web.FilterChainProxy$VirtualFilterChain.doFilter(FilterChainProxy.java:374)
	at org.springframework.web.filter.OncePerRequestFilter.doFilter(OncePerRequestFilter.java:101)
	at org.springframework.security.web.FilterChainProxy$VirtualFilterChain.doFilter(FilterChainProxy.java:374)
	at org.springframework.web.filter.OncePerRequestFilter.doFilter(OncePerRequestFilter.java:101)
	at org.springframework.security.web.FilterChainProxy$VirtualFilterChain.doFilter(FilterChainProxy.java:374)
	at org.springframework.web.filter.OncePerRequestFilter.doFilter(OncePerRequestFilter.java:101)
	at org.springframework.security.web.FilterChainProxy$VirtualFilterChain.doFilter(FilterChainProxy.java:374)
	at org.springframework.security.web.context.SecurityContextHolderFilter.doFilter(SecurityContextHolderFilter.java:82)
	at org.springframework.security.web.context.SecurityContextHolderFilter.doFilter(SecurityContextHolderFilter.java:69)
	at org.springframework.security.web.FilterChainProxy$VirtualFilterChain.doFilter(FilterChainProxy.java:374)
	at org.springframework.web.filter.OncePerRequestFilter.doFilter(OncePerRequestFilter.java:101)
	at org.springframework.security.web.FilterChainProxy$VirtualFilterChain.doFilter(FilterChainProxy.java:374)
	at org.springframework.web.filter.OncePerRequestFilter.doFilter(OncePerRequestFilter.java:101)
	at org.springframework.security.web.FilterChainProxy$VirtualFilterChain.doFilter(FilterChainProxy.java:374)
	at org.springframework.security.web.FilterChainProxy.doFilterInternal(FilterChainProxy.java:233)
	at org.springframework.security.web.FilterChainProxy.doFilter(FilterChainProxy.java:191)
	at org.springframework.web.filter.CompositeFilter$VirtualFilterChain.doFilter(CompositeFilter.java:113)
	at org.springframework.web.servlet.handler.HandlerMappingIntrospector.lambda$createCacheFilter$3(HandlerMappingIntrospector.java:195)
	at org.springframework.web.filter.CompositeFilter$VirtualFilterChain.doFilter(CompositeFilter.java:113)
	at org.springframework.web.filter.CompositeFilter.doFilter(CompositeFilter.java:74)
	at org.springframework.security.config.annotation.web.configuration.WebMvcSecurityConfiguration$CompositeFilterChainProxy.doFilter(WebMvcSecurityConfiguration.java:230)
	at org.springframework.web.filter.DelegatingFilterProxy.invokeDelegate(DelegatingFilterProxy.java:352)
	at org.springframework.web.filter.DelegatingFilterProxy.doFilter(DelegatingFilterProxy.java:268)
	at org.apache.catalina.core.ApplicationFilterChain.internalDoFilter(ApplicationFilterChain.java:175)
	at org.apache.catalina.core.ApplicationFilterChain.doFilter(ApplicationFilterChain.java:150)
	at org.springframework.web.filter.RequestContextFilter.doFilterInternal(RequestContextFilter.java:100)
	at org.springframework.web.filter.OncePerRequestFilter.doFilter(OncePerRequestFilter.java:116)
	at org.apache.catalina.core.ApplicationFilterChain.internalDoFilter(ApplicationFilterChain.java:175)
	at org.apache.catalina.core.ApplicationFilterChain.doFilter(ApplicationFilterChain.java:150)
	at org.springframework.web.filter.OncePerRequestFilter.doFilter(OncePerRequestFilter.java:101)
	at org.apache.catalina.core.ApplicationFilterChain.internalDoFilter(ApplicationFilterChain.java:175)
	at org.apache.catalina.core.ApplicationFilterChain.doFilter(ApplicationFilterChain.java:150)
	at org.springframework.session.web.http.SessionRepositoryFilter.doFilterInternal(SessionRepositoryFilter.java:142)
	at org.springframework.session.web.http.OncePerRequestFilter.doFilter(OncePerRequestFilter.java:82)
	at org.springframework.web.filter.DelegatingFilterProxy.invokeDelegate(DelegatingFilterProxy.java:352)
	at org.springframework.web.filter.DelegatingFilterProxy.doFilter(DelegatingFilterProxy.java:268)
	at org.apache.catalina.core.ApplicationFilterChain.internalDoFilter(ApplicationFilterChain.java:175)
	at org.apache.catalina.core.ApplicationFilterChain.doFilter(ApplicationFilterChain.java:150)
	at org.springframework.web.filter.OncePerRequestFilter.doFilter(OncePerRequestFilter.java:101)
	at org.apache.catalina.core.ApplicationFilterChain.internalDoFilter(ApplicationFilterChain.java:175)
	at org.apache.catalina.core.ApplicationFilterChain.doFilter(ApplicationFilterChain.java:150)
	at org.apache.catalina.core.ApplicationDispatcher.invoke(ApplicationDispatcher.java:653)
	at org.apache.catalina.core.ApplicationDispatcher.processRequest(ApplicationDispatcher.java:421)
	at org.apache.catalina.core.ApplicationDispatcher.doForward(ApplicationDispatcher.java:340)
	at org.apache.catalina.core.ApplicationDispatcher.forward(ApplicationDispatcher.java:277)
	at org.apache.catalina.core.StandardHostValve.custom(StandardHostValve.java:362)
	at org.apache.catalina.core.StandardHostValve.status(StandardHostValve.java:222)
	at org.apache.catalina.core.StandardHostValve.invoke(StandardHostValve.java:151)
	at org.apache.catalina.valves.ErrorReportValve.invoke(ErrorReportValve.java:93)
	at org.apache.catalina.core.StandardEngineValve.invoke(StandardEngineValve.java:74)
	at org.apache.catalina.connector.CoyoteAdapter.service(CoyoteAdapter.java:344)
	at org.apache.coyote.http11.Http11Processor.service(Http11Processor.java:391)
	at org.apache.coyote.AbstractProcessorLight.process(AbstractProcessorLight.java:63)
	at org.apache.coyote.AbstractProtocol$ConnectionHandler.process(AbstractProtocol.java:896)
	at org.apache.tomcat.util.net.NioEndpoint$SocketProcessor.doRun(NioEndpoint.java:1736)
	at org.apache.tomcat.util.net.SocketProcessorBase.run(SocketProcessorBase.java:52)
	at org.apache.tomcat.util.threads.ThreadPoolExecutor.runWorker(ThreadPoolExecutor.java:1191)
	at org.apache.tomcat.util.threads.ThreadPoolExecutor$Worker.run(ThreadPoolExecutor.java:659)
	at org.apache.tomcat.util.threads.TaskThread$WrappingRunnable.run(TaskThread.java:63)
	at java.base/java.lang.Thread.run(Thread.java:842)
2026-05-24 00:08:34 [http-nio-8080-exec-3] DEBUG o.s.d.r.core.RedisConnectionUtils - Fetching Redis Connection from RedisConnectionFactory
2026-05-24 00:08:34 [http-nio-8080-exec-3] DEBUG o.s.d.r.core.RedisConnectionUtils - Closing Redis Connection
2026-05-24 00:08:34 [http-nio-8080-exec-3] DEBUG o.s.d.r.core.RedisConnectionUtils - Fetching Redis Connection from RedisConnectionFactory
2026-05-24 00:08:34 [http-nio-8080-exec-3] DEBUG o.s.d.r.core.RedisConnectionUtils - Closing Redis Connection
2026-05-24 00:08:34 [http-nio-8080-exec-3] DEBUG o.s.d.r.core.RedisConnectionUtils - Fetching Redis Connection from RedisConnectionFactory
2026-05-24 00:08:34 [http-nio-8080-exec-3] DEBUG o.s.d.r.core.RedisConnectionUtils - Closing Redis Connection
2026-05-24 00:08:34 [http-nio-8080-exec-3] DEBUG o.s.d.r.core.RedisConnectionUtils - Fetching Redis Connection from RedisConnectionFactory
2026-05-24 00:08:34 [http-nio-8080-exec-3] DEBUG o.s.d.r.core.RedisConnectionUtils - Closing Redis Connection
2026-05-24 12:38:19 [main] INFO  game.demo.GameApplication - Starting GameApplication using Java 17.0.17 with PID 15016 (D:\FW\Game\target\classes started by Lenovo in D:\FW\Game)
2026-05-24 12:38:19 [main] INFO  game.demo.GameApplication - No active profile set, falling back to 1 default profile: "default"
2026-05-24 12:38:19 [main] INFO  o.s.d.r.c.RepositoryConfigurationDelegate - Multiple Spring Data modules found, entering strict repository configuration mode
2026-05-24 12:38:19 [main] INFO  o.s.d.r.c.RepositoryConfigurationDelegate - Bootstrapping Spring Data JPA repositories in DEFAULT mode.
2026-05-24 12:38:20 [main] INFO  o.s.d.r.c.RepositoryConfigurationDelegate - Finished Spring Data repository scanning in 130 ms. Found 3 JPA repository interfaces.
2026-05-24 12:38:20 [main] INFO  o.s.d.r.c.RepositoryConfigurationDelegate - Multiple Spring Data modules found, entering strict repository configuration mode
2026-05-24 12:38:20 [main] INFO  o.s.d.r.c.RepositoryConfigurationDelegate - Bootstrapping Spring Data Redis repositories in DEFAULT mode.
2026-05-24 12:38:20 [main] INFO  o.s.d.r.c.RepositoryConfigurationExtensionSupport - Spring Data Redis - Could not safely identify store assignment for repository candidate interface game.demo.repository.FeedbackRepository; If you want this repository to be a Redis repository, consider annotating your entities with one of these annotations: org.springframework.data.redis.core.RedisHash (preferred), or consider extending one of the following types with your repository: org.springframework.data.keyvalue.repository.KeyValueRepository
2026-05-24 12:38:20 [main] INFO  o.s.d.r.c.RepositoryConfigurationExtensionSupport - Spring Data Redis - Could not safely identify store assignment for repository candidate interface game.demo.repository.GameRepository; If you want this repository to be a Redis repository, consider annotating your entities with one of these annotations: org.springframework.data.redis.core.RedisHash (preferred), or consider extending one of the following types with your repository: org.springframework.data.keyvalue.repository.KeyValueRepository
2026-05-24 12:38:20 [main] INFO  o.s.d.r.c.RepositoryConfigurationExtensionSupport - Spring Data Redis - Could not safely identify store assignment for repository candidate interface game.demo.repository.UserRepository; If you want this repository to be a Redis repository, consider annotating your entities with one of these annotations: org.springframework.data.redis.core.RedisHash (preferred), or consider extending one of the following types with your repository: org.springframework.data.keyvalue.repository.KeyValueRepository
2026-05-24 12:38:20 [main] INFO  o.s.d.r.c.RepositoryConfigurationDelegate - Finished Spring Data repository scanning in 6 ms. Found 0 Redis repository interfaces.
2026-05-24 12:38:20 [main] INFO  o.s.b.w.e.tomcat.TomcatWebServer - Tomcat initialized with port 8080 (http)
2026-05-24 12:38:20 [main] INFO  o.a.catalina.core.StandardService - Starting service [Tomcat]
2026-05-24 12:38:20 [main] INFO  o.a.catalina.core.StandardEngine - Starting Servlet engine: [Apache Tomcat/10.1.20]
2026-05-24 12:38:20 [main] INFO  o.a.c.c.C.[Tomcat].[localhost].[/] - Initializing Spring embedded WebApplicationContext
2026-05-24 12:38:20 [main] INFO  o.s.b.w.s.c.ServletWebServerApplicationContext - Root WebApplicationContext: initialization completed in 1394 ms
2026-05-24 12:38:20 [main] INFO  o.h.jpa.internal.util.LogHelper - HHH000204: Processing PersistenceUnitInfo [name: default]
2026-05-24 12:38:20 [main] INFO  org.hibernate.Version - HHH000412: Hibernate ORM core version 6.4.4.Final
2026-05-24 12:38:20 [main] INFO  o.h.c.i.RegionFactoryInitiator - HHH000026: Second-level cache disabled
2026-05-24 12:38:21 [main] INFO  o.s.o.j.p.SpringPersistenceUnitInfo - No LoadTimeWeaver setup: ignoring JPA class transformer
2026-05-24 12:38:21 [main] INFO  com.zaxxer.hikari.HikariDataSource - HikariPool-1 - Starting...
2026-05-24 12:38:21 [main] INFO  com.zaxxer.hikari.pool.HikariPool - HikariPool-1 - Added connection com.mysql.cj.jdbc.ConnectionImpl@3b7b0b57
2026-05-24 12:38:21 [main] INFO  com.zaxxer.hikari.HikariDataSource - HikariPool-1 - Start completed.
2026-05-24 12:38:21 [main] WARN  org.hibernate.orm.deprecation - HHH90000025: MySQLDialect does not need to be specified explicitly using 'hibernate.dialect' (remove the property setting and it will be selected by default)
2026-05-24 12:38:22 [main] INFO  o.h.e.t.j.p.i.JtaPlatformInitiator - HHH000489: No JTA platform available (set 'hibernate.transaction.jta.platform' to enable JTA platform integration)
2026-05-24 12:38:22 [main] INFO  o.s.o.j.LocalContainerEntityManagerFactoryBean - Initialized JPA EntityManagerFactory for persistence unit 'default'
2026-05-24 12:38:22 [main] INFO  o.s.d.j.r.query.QueryEnhancerFactory - Hibernate is in classpath; If applicable, HQL parser will be used.
2026-05-24 12:38:22 [main] WARN  o.s.b.a.o.j.JpaBaseConfiguration$JpaWebConfiguration - spring.jpa.open-in-view is enabled by default. Therefore, database queries may be performed during view rendering. Explicitly configure spring.jpa.open-in-view to disable this warning
2026-05-24 12:38:23 [main] INFO  o.s.s.web.DefaultSecurityFilterChain - Will secure any request with [org.springframework.security.web.session.DisableEncodeUrlFilter@4823f3b8, org.springframework.security.web.context.request.async.WebAsyncManagerIntegrationFilter@85446a, org.springframework.security.web.context.SecurityContextHolderFilter@3a7abd4, org.springframework.security.web.header.HeaderWriterFilter@199549a5, org.springframework.web.filter.CorsFilter@4efb7c99, game.demo.config.AdminAuthFilter@88b76f2, org.springframework.security.web.session.ConcurrentSessionFilter@39b265c9, org.springframework.security.web.savedrequest.RequestCacheAwareFilter@40a32c25, org.springframework.security.web.servletapi.SecurityContextHolderAwareRequestFilter@685280dd, org.springframework.security.web.authentication.AnonymousAuthenticationFilter@5563a63f, org.springframework.security.web.session.SessionManagementFilter@4844cbe4, org.springframework.security.web.access.ExceptionTranslationFilter@48ebcce5, org.springframework.security.web.access.intercept.AuthorizationFilter@1f6af096]
2026-05-24 12:38:23 [main] DEBUG o.s.d.r.l.RedisMessageListenerContainer - Starting RedisMessageListenerContainer...
2026-05-24 12:38:23 [main] DEBUG o.s.d.r.l.RedisMessageListenerContainer - Postpone listening for Redis messages until actual listeners are added
2026-05-24 12:38:23 [main] INFO  o.s.b.w.e.tomcat.TomcatWebServer - Tomcat started on port 8080 (http) with context path ''
2026-05-24 12:38:23 [main] INFO  game.demo.GameApplication - Started GameApplication in 4.516 seconds (process running for 5.536)
2026-05-24 12:38:27 [http-nio-8080-exec-1] INFO  o.a.c.c.C.[Tomcat].[localhost].[/] - Initializing Spring DispatcherServlet 'dispatcherServlet'
2026-05-24 12:38:27 [http-nio-8080-exec-1] INFO  o.s.web.servlet.DispatcherServlet - Initializing Servlet 'dispatcherServlet'
2026-05-24 12:38:27 [http-nio-8080-exec-1] INFO  o.s.web.servlet.DispatcherServlet - Completed initialization in 1 ms
2026-05-24 12:38:27 [http-nio-8080-exec-1] DEBUG o.s.s.w.h.S.SESSION_LOGGER - No session found by id: Caching result for getSession(false) for this HttpServletRequest.
2026-05-24 12:38:27 [http-nio-8080-exec-1] DEBUG o.s.s.w.h.S.SESSION_LOGGER - No session found by id: Caching result for getSession(false) for this HttpServletRequest.
2026-05-24 12:38:27 [http-nio-8080-exec-1] DEBUG o.s.s.w.h.S.SESSION_LOGGER - No session found by id: Caching result for getSession(false) for this HttpServletRequest.
2026-05-24 12:38:27 [http-nio-8080-exec-1] DEBUG o.s.s.w.h.S.SESSION_LOGGER - No session found by id: Caching result for getSession(false) for this HttpServletRequest.
2026-05-24 12:38:27 [http-nio-8080-exec-1] DEBUG o.s.s.w.h.S.SESSION_LOGGER - No session found by id: Caching result for getSession(false) for this HttpServletRequest.
2026-05-24 12:38:27 [http-nio-8080-exec-1] DEBUG o.s.s.w.h.S.SESSION_LOGGER - No session found by id: Caching result for getSession(false) for this HttpServletRequest.
2026-05-24 12:38:27 [http-nio-8080-exec-2] DEBUG o.s.s.w.h.S.SESSION_LOGGER - No session found by id: Caching result for getSession(false) for this HttpServletRequest.
2026-05-24 12:38:27 [http-nio-8080-exec-3] DEBUG o.s.s.w.h.S.SESSION_LOGGER - No session found by id: Caching result for getSession(false) for this HttpServletRequest.
2026-05-24 12:38:27 [http-nio-8080-exec-2] DEBUG o.s.s.w.h.S.SESSION_LOGGER - No session found by id: Caching result for getSession(false) for this HttpServletRequest.
2026-05-24 12:38:27 [http-nio-8080-exec-3] DEBUG o.s.s.w.h.S.SESSION_LOGGER - No session found by id: Caching result for getSession(false) for this HttpServletRequest.
2026-05-24 12:38:27 [http-nio-8080-exec-2] DEBUG o.s.s.w.h.S.SESSION_LOGGER - No session found by id: Caching result for getSession(false) for this HttpServletRequest.
2026-05-24 12:38:27 [http-nio-8080-exec-3] DEBUG o.s.s.w.h.S.SESSION_LOGGER - No session found by id: Caching result for getSession(false) for this HttpServletRequest.
2026-05-24 12:38:27 [http-nio-8080-exec-2] DEBUG o.s.s.w.h.S.SESSION_LOGGER - No session found by id: Caching result for getSession(false) for this HttpServletRequest.
2026-05-24 12:38:27 [http-nio-8080-exec-3] DEBUG o.s.s.w.h.S.SESSION_LOGGER - No session found by id: Caching result for getSession(false) for this HttpServletRequest.
2026-05-24 12:38:27 [http-nio-8080-exec-3] DEBUG o.s.s.w.h.S.SESSION_LOGGER - No session found by id: Caching result for getSession(false) for this HttpServletRequest.
2026-05-24 12:38:27 [http-nio-8080-exec-2] DEBUG o.s.s.w.h.S.SESSION_LOGGER - No session found by id: Caching result for getSession(false) for this HttpServletRequest.
2026-05-24 12:38:27 [http-nio-8080-exec-2] DEBUG o.s.s.w.h.S.SESSION_LOGGER - No session found by id: Caching result for getSession(false) for this HttpServletRequest.
2026-05-24 12:38:27 [http-nio-8080-exec-3] DEBUG o.s.s.w.h.S.SESSION_LOGGER - No session found by id: Caching result for getSession(false) for this HttpServletRequest.
2026-05-24 12:38:27 [http-nio-8080-exec-2] DEBUG o.s.s.w.h.S.SESSION_LOGGER - No session found by id: Caching result for getSession(false) for this HttpServletRequest.
2026-05-24 12:38:27 [http-nio-8080-exec-2] ERROR o.a.c.c.C.[.[.[.[dispatcherServlet] - Servlet.service() for servlet [dispatcherServlet] in context with path [] threw exception [Request processing failed: java.lang.NullPointerException: Cannot invoke "jakarta.servlet.http.HttpSession.getAttribute(String)" because the return value of "jakarta.servlet.http.HttpServletRequest.getSession(boolean)" is null] with root cause
java.lang.NullPointerException: Cannot invoke "jakarta.servlet.http.HttpSession.getAttribute(String)" because the return value of "jakarta.servlet.http.HttpServletRequest.getSession(boolean)" is null
	at game.demo.controller.GameController.getAllGames(GameController.java:28)
	at java.base/jdk.internal.reflect.NativeMethodAccessorImpl.invoke0(Native Method)
	at java.base/jdk.internal.reflect.NativeMethodAccessorImpl.invoke(NativeMethodAccessorImpl.java:77)
	at java.base/jdk.internal.reflect.DelegatingMethodAccessorImpl.invoke(DelegatingMethodAccessorImpl.java:43)
	at java.base/java.lang.reflect.Method.invoke(Method.java:568)
	at org.springframework.web.method.support.InvocableHandlerMethod.doInvoke(InvocableHandlerMethod.java:255)
	at org.springframework.web.method.support.InvocableHandlerMethod.invokeForRequest(InvocableHandlerMethod.java:188)
	at org.springframework.web.servlet.mvc.method.annotation.ServletInvocableHandlerMethod.invokeAndHandle(ServletInvocableHandlerMethod.java:118)
	at org.springframework.web.servlet.mvc.method.annotation.RequestMappingHandlerAdapter.invokeHandlerMethod(RequestMappingHandlerAdapter.java:926)
	at org.springframework.web.servlet.mvc.method.annotation.RequestMappingHandlerAdapter.handleInternal(RequestMappingHandlerAdapter.java:831)
	at org.springframework.web.servlet.mvc.method.AbstractHandlerMethodAdapter.handle(AbstractHandlerMethodAdapter.java:87)
	at org.springframework.web.servlet.DispatcherServlet.doDispatch(DispatcherServlet.java:1089)
	at org.springframework.web.servlet.DispatcherServlet.doService(DispatcherServlet.java:979)
	at org.springframework.web.servlet.FrameworkServlet.processRequest(FrameworkServlet.java:1014)
	at org.springframework.web.servlet.FrameworkServlet.doGet(FrameworkServlet.java:903)
	at jakarta.servlet.http.HttpServlet.service(HttpServlet.java:564)
	at org.springframework.web.servlet.FrameworkServlet.service(FrameworkServlet.java:885)
	at jakarta.servlet.http.HttpServlet.service(HttpServlet.java:658)
	at org.apache.catalina.core.ApplicationFilterChain.internalDoFilter(ApplicationFilterChain.java:206)
	at org.apache.catalina.core.ApplicationFilterChain.doFilter(ApplicationFilterChain.java:150)
	at org.apache.tomcat.websocket.server.WsFilter.doFilter(WsFilter.java:51)
	at org.apache.catalina.core.ApplicationFilterChain.internalDoFilter(ApplicationFilterChain.java:175)
	at org.apache.catalina.core.ApplicationFilterChain.doFilter(ApplicationFilterChain.java:150)
	at org.springframework.web.filter.OncePerRequestFilter.doFilter(OncePerRequestFilter.java:110)
	at org.apache.catalina.core.ApplicationFilterChain.internalDoFilter(ApplicationFilterChain.java:175)
	at org.apache.catalina.core.ApplicationFilterChain.doFilter(ApplicationFilterChain.java:150)
	at org.springframework.web.filter.CompositeFilter$VirtualFilterChain.doFilter(CompositeFilter.java:108)
	at org.springframework.security.web.FilterChainProxy.lambda$doFilterInternal$3(FilterChainProxy.java:231)
	at org.springframework.security.web.FilterChainProxy$VirtualFilterChain.doFilter(FilterChainProxy.java:365)
	at org.springframework.security.web.access.intercept.AuthorizationFilter.doFilter(AuthorizationFilter.java:100)
	at org.springframework.security.web.FilterChainProxy$VirtualFilterChain.doFilter(FilterChainProxy.java:374)
	at org.springframework.security.web.access.ExceptionTranslationFilter.doFilter(ExceptionTranslationFilter.java:126)
	at org.springframework.security.web.access.ExceptionTranslationFilter.doFilter(ExceptionTranslationFilter.java:120)
	at org.springframework.security.web.FilterChainProxy$VirtualFilterChain.doFilter(FilterChainProxy.java:374)
	at org.springframework.security.web.session.SessionManagementFilter.doFilter(SessionManagementFilter.java:131)
	at org.springframework.security.web.session.SessionManagementFilter.doFilter(SessionManagementFilter.java:85)
	at org.springframework.security.web.FilterChainProxy$VirtualFilterChain.doFilter(FilterChainProxy.java:374)
	at org.springframework.security.web.authentication.AnonymousAuthenticationFilter.doFilter(AnonymousAuthenticationFilter.java:100)
	at org.springframework.security.web.FilterChainProxy$VirtualFilterChain.doFilter(FilterChainProxy.java:374)
	at org.springframework.security.web.servletapi.SecurityContextHolderAwareRequestFilter.doFilter(SecurityContextHolderAwareRequestFilter.java:179)
	at org.springframework.security.web.FilterChainProxy$VirtualFilterChain.doFilter(FilterChainProxy.java:374)
	at org.springframework.security.web.savedrequest.RequestCacheAwareFilter.doFilter(RequestCacheAwareFilter.java:63)
	at org.springframework.security.web.FilterChainProxy$VirtualFilterChain.doFilter(FilterChainProxy.java:374)
	at org.springframework.security.web.session.ConcurrentSessionFilter.doFilter(ConcurrentSessionFilter.java:151)
	at org.springframework.security.web.session.ConcurrentSessionFilter.doFilter(ConcurrentSessionFilter.java:129)
	at org.springframework.security.web.FilterChainProxy$VirtualFilterChain.doFilter(FilterChainProxy.java:374)
	at game.demo.config.AdminAuthFilter.doFilterInternal(AdminAuthFilter.java:47)
	at org.springframework.web.filter.OncePerRequestFilter.doFilter(OncePerRequestFilter.java:116)
	at org.springframework.security.web.FilterChainProxy$VirtualFilterChain.doFilter(FilterChainProxy.java:374)
	at org.springframework.web.filter.CorsFilter.doFilterInternal(CorsFilter.java:91)
	at org.springframework.web.filter.OncePerRequestFilter.doFilter(OncePerRequestFilter.java:116)
	at org.springframework.security.web.FilterChainProxy$VirtualFilterChain.doFilter(FilterChainProxy.java:374)
	at org.springframework.security.web.header.HeaderWriterFilter.doHeadersAfter(HeaderWriterFilter.java:90)
	at org.springframework.security.web.header.HeaderWriterFilter.doFilterInternal(HeaderWriterFilter.java:75)
	at org.springframework.web.filter.OncePerRequestFilter.doFilter(OncePerRequestFilter.java:116)
	at org.springframework.security.web.FilterChainProxy$VirtualFilterChain.doFilter(FilterChainProxy.java:374)
	at org.springframework.security.web.context.SecurityContextHolderFilter.doFilter(SecurityContextHolderFilter.java:82)
	at org.springframework.security.web.context.SecurityContextHolderFilter.doFilter(SecurityContextHolderFilter.java:69)
	at org.springframework.security.web.FilterChainProxy$VirtualFilterChain.doFilter(FilterChainProxy.java:374)
	at org.springframework.security.web.context.request.async.WebAsyncManagerIntegrationFilter.doFilterInternal(WebAsyncManagerIntegrationFilter.java:62)
	at org.springframework.web.filter.OncePerRequestFilter.doFilter(OncePerRequestFilter.java:116)
	at org.springframework.security.web.FilterChainProxy$VirtualFilterChain.doFilter(FilterChainProxy.java:374)
	at org.springframework.security.web.session.DisableEncodeUrlFilter.doFilterInternal(DisableEncodeUrlFilter.java:42)
	at org.springframework.web.filter.OncePerRequestFilter.doFilter(OncePerRequestFilter.java:116)
	at org.springframework.security.web.FilterChainProxy$VirtualFilterChain.doFilter(FilterChainProxy.java:374)
	at org.springframework.security.web.FilterChainProxy.doFilterInternal(FilterChainProxy.java:233)
	at org.springframework.security.web.FilterChainProxy.doFilter(FilterChainProxy.java:191)
	at org.springframework.web.filter.CompositeFilter$VirtualFilterChain.doFilter(CompositeFilter.java:113)
	at org.springframework.web.servlet.handler.HandlerMappingIntrospector.lambda$createCacheFilter$3(HandlerMappingIntrospector.java:195)
	at org.springframework.web.filter.CompositeFilter$VirtualFilterChain.doFilter(CompositeFilter.java:113)
	at org.springframework.web.filter.CompositeFilter.doFilter(CompositeFilter.java:74)
	at org.springframework.security.config.annotation.web.configuration.WebMvcSecurityConfiguration$CompositeFilterChainProxy.doFilter(WebMvcSecurityConfiguration.java:230)
	at org.springframework.web.filter.DelegatingFilterProxy.invokeDelegate(DelegatingFilterProxy.java:352)
	at org.springframework.web.filter.DelegatingFilterProxy.doFilter(DelegatingFilterProxy.java:268)
	at org.apache.catalina.core.ApplicationFilterChain.internalDoFilter(ApplicationFilterChain.java:175)
	at org.apache.catalina.core.ApplicationFilterChain.doFilter(ApplicationFilterChain.java:150)
	at org.springframework.web.filter.RequestContextFilter.doFilterInternal(RequestContextFilter.java:100)
	at org.springframework.web.filter.OncePerRequestFilter.doFilter(OncePerRequestFilter.java:116)
	at org.apache.catalina.core.ApplicationFilterChain.internalDoFilter(ApplicationFilterChain.java:175)
	at org.apache.catalina.core.ApplicationFilterChain.doFilter(ApplicationFilterChain.java:150)
	at org.springframework.web.filter.FormContentFilter.doFilterInternal(FormContentFilter.java:93)
	at org.springframework.web.filter.OncePerRequestFilter.doFilter(OncePerRequestFilter.java:116)
	at org.apache.catalina.core.ApplicationFilterChain.internalDoFilter(ApplicationFilterChain.java:175)
	at org.apache.catalina.core.ApplicationFilterChain.doFilter(ApplicationFilterChain.java:150)
	at org.springframework.session.web.http.SessionRepositoryFilter.doFilterInternal(SessionRepositoryFilter.java:142)
	at org.springframework.session.web.http.OncePerRequestFilter.doFilter(OncePerRequestFilter.java:82)
	at org.springframework.web.filter.DelegatingFilterProxy.invokeDelegate(DelegatingFilterProxy.java:352)
	at org.springframework.web.filter.DelegatingFilterProxy.doFilter(DelegatingFilterProxy.java:268)
	at org.apache.catalina.core.ApplicationFilterChain.internalDoFilter(ApplicationFilterChain.java:175)
	at org.apache.catalina.core.ApplicationFilterChain.doFilter(ApplicationFilterChain.java:150)
	at org.springframework.web.filter.CharacterEncodingFilter.doFilterInternal(CharacterEncodingFilter.java:201)
	at org.springframework.web.filter.OncePerRequestFilter.doFilter(OncePerRequestFilter.java:116)
	at org.apache.catalina.core.ApplicationFilterChain.internalDoFilter(ApplicationFilterChain.java:175)
	at org.apache.catalina.core.ApplicationFilterChain.doFilter(ApplicationFilterChain.java:150)
	at org.apache.catalina.core.StandardWrapperValve.invoke(StandardWrapperValve.java:167)
	at org.apache.catalina.core.StandardContextValve.invoke(StandardContextValve.java:90)
	at org.apache.catalina.authenticator.AuthenticatorBase.invoke(AuthenticatorBase.java:482)
	at org.apache.catalina.core.StandardHostValve.invoke(StandardHostValve.java:115)
	at org.apache.catalina.valves.ErrorReportValve.invoke(ErrorReportValve.java:93)
	at org.apache.catalina.core.StandardEngineValve.invoke(StandardEngineValve.java:74)
	at org.apache.catalina.connector.CoyoteAdapter.service(CoyoteAdapter.java:344)
	at org.apache.coyote.http11.Http11Processor.service(Http11Processor.java:391)
	at org.apache.coyote.AbstractProcessorLight.process(AbstractProcessorLight.java:63)
	at org.apache.coyote.AbstractProtocol$ConnectionHandler.process(AbstractProtocol.java:896)
	at org.apache.tomcat.util.net.NioEndpoint$SocketProcessor.doRun(NioEndpoint.java:1736)
	at org.apache.tomcat.util.net.SocketProcessorBase.run(SocketProcessorBase.java:52)
	at org.apache.tomcat.util.threads.ThreadPoolExecutor.runWorker(ThreadPoolExecutor.java:1191)
	at org.apache.tomcat.util.threads.ThreadPoolExecutor$Worker.run(ThreadPoolExecutor.java:659)
	at org.apache.tomcat.util.threads.TaskThread$WrappingRunnable.run(TaskThread.java:63)
	at java.base/java.lang.Thread.run(Thread.java:842)
2026-05-24 12:38:28 [http-nio-8080-exec-2] DEBUG o.s.s.w.h.S.SESSION_LOGGER - No session found by id: Caching result for getSession(false) for this HttpServletRequest.
2026-05-24 12:38:28 [http-nio-8080-exec-2] DEBUG o.s.s.w.h.S.SESSION_LOGGER - No session found by id: Caching result for getSession(false) for this HttpServletRequest.
2026-05-24 12:38:28 [http-nio-8080-exec-2] DEBUG o.s.s.w.h.S.SESSION_LOGGER - No session found by id: Caching result for getSession(false) for this HttpServletRequest.
2026-05-24 12:38:28 [http-nio-8080-exec-2] DEBUG o.s.s.w.h.S.SESSION_LOGGER - No session found by id: Caching result for getSession(false) for this HttpServletRequest.
2026-05-24 12:38:28 [http-nio-8080-exec-2] DEBUG o.s.s.w.h.S.SESSION_LOGGER - A new session was created. To help you troubleshoot where the session was created we provided a StackTrace (this is not an error). You can prevent this from appearing by disabling DEBUG logging for org.springframework.session.web.http.SessionRepositoryFilter.SESSION_LOGGER
java.lang.RuntimeException: For debugging purposes only (not an error)
	at org.springframework.session.web.http.SessionRepositoryFilter$SessionRepositoryRequestWrapper.getSession(SessionRepositoryFilter.java:314)
	at org.springframework.session.web.http.SessionRepositoryFilter$SessionRepositoryRequestWrapper.getSession(SessionRepositoryFilter.java:328)
	at org.springframework.session.web.http.SessionRepositoryFilter$SessionRepositoryRequestWrapper.getSession(SessionRepositoryFilter.java:193)
	at jakarta.servlet.http.HttpServletRequestWrapper.getSession(HttpServletRequestWrapper.java:229)
	at jakarta.servlet.http.HttpServletRequestWrapper.getSession(HttpServletRequestWrapper.java:229)
	at org.springframework.security.web.savedrequest.HttpSessionRequestCache.saveRequest(HttpSessionRequestCache.java:78)
	at org.springframework.security.web.access.ExceptionTranslationFilter.sendStartAuthentication(ExceptionTranslationFilter.java:218)
	at org.springframework.security.web.access.ExceptionTranslationFilter.handleAccessDeniedException(ExceptionTranslationFilter.java:197)
	at org.springframework.security.web.access.ExceptionTranslationFilter.handleSpringSecurityException(ExceptionTranslationFilter.java:178)
	at org.springframework.security.web.access.ExceptionTranslationFilter.doFilter(ExceptionTranslationFilter.java:147)
	at org.springframework.security.web.access.ExceptionTranslationFilter.doFilter(ExceptionTranslationFilter.java:120)
	at org.springframework.security.web.FilterChainProxy$VirtualFilterChain.doFilter(FilterChainProxy.java:374)
	at org.springframework.security.web.session.SessionManagementFilter.doFilter(SessionManagementFilter.java:91)
	at org.springframework.security.web.session.SessionManagementFilter.doFilter(SessionManagementFilter.java:85)
	at org.springframework.security.web.FilterChainProxy$VirtualFilterChain.doFilter(FilterChainProxy.java:374)
	at org.springframework.security.web.authentication.AnonymousAuthenticationFilter.doFilter(AnonymousAuthenticationFilter.java:100)
	at org.springframework.security.web.FilterChainProxy$VirtualFilterChain.doFilter(FilterChainProxy.java:374)
	at org.springframework.security.web.servletapi.SecurityContextHolderAwareRequestFilter.doFilter(SecurityContextHolderAwareRequestFilter.java:179)
	at org.springframework.security.web.FilterChainProxy$VirtualFilterChain.doFilter(FilterChainProxy.java:374)
	at org.springframework.security.web.savedrequest.RequestCacheAwareFilter.doFilter(RequestCacheAwareFilter.java:63)
	at org.springframework.security.web.FilterChainProxy$VirtualFilterChain.doFilter(FilterChainProxy.java:374)
	at org.springframework.security.web.session.ConcurrentSessionFilter.doFilter(ConcurrentSessionFilter.java:151)
	at org.springframework.security.web.session.ConcurrentSessionFilter.doFilter(ConcurrentSessionFilter.java:129)
	at org.springframework.security.web.FilterChainProxy$VirtualFilterChain.doFilter(FilterChainProxy.java:374)
	at org.springframework.web.filter.OncePerRequestFilter.doFilter(OncePerRequestFilter.java:101)
	at org.springframework.security.web.FilterChainProxy$VirtualFilterChain.doFilter(FilterChainProxy.java:374)
	at org.springframework.web.filter.OncePerRequestFilter.doFilter(OncePerRequestFilter.java:101)
	at org.springframework.security.web.FilterChainProxy$VirtualFilterChain.doFilter(FilterChainProxy.java:374)
	at org.springframework.web.filter.OncePerRequestFilter.doFilter(OncePerRequestFilter.java:101)
	at org.springframework.security.web.FilterChainProxy$VirtualFilterChain.doFilter(FilterChainProxy.java:374)
	at org.springframework.security.web.context.SecurityContextHolderFilter.doFilter(SecurityContextHolderFilter.java:82)
	at org.springframework.security.web.context.SecurityContextHolderFilter.doFilter(SecurityContextHolderFilter.java:69)
	at org.springframework.security.web.FilterChainProxy$VirtualFilterChain.doFilter(FilterChainProxy.java:374)
	at org.springframework.web.filter.OncePerRequestFilter.doFilter(OncePerRequestFilter.java:101)
	at org.springframework.security.web.FilterChainProxy$VirtualFilterChain.doFilter(FilterChainProxy.java:374)
	at org.springframework.web.filter.OncePerRequestFilter.doFilter(OncePerRequestFilter.java:101)
	at org.springframework.security.web.FilterChainProxy$VirtualFilterChain.doFilter(FilterChainProxy.java:374)
	at org.springframework.security.web.FilterChainProxy.doFilterInternal(FilterChainProxy.java:233)
	at org.springframework.security.web.FilterChainProxy.doFilter(FilterChainProxy.java:191)
	at org.springframework.web.filter.CompositeFilter$VirtualFilterChain.doFilter(CompositeFilter.java:113)
	at org.springframework.web.servlet.handler.HandlerMappingIntrospector.lambda$createCacheFilter$3(HandlerMappingIntrospector.java:195)
	at org.springframework.web.filter.CompositeFilter$VirtualFilterChain.doFilter(CompositeFilter.java:113)
	at org.springframework.web.filter.CompositeFilter.doFilter(CompositeFilter.java:74)
	at org.springframework.security.config.annotation.web.configuration.WebMvcSecurityConfiguration$CompositeFilterChainProxy.doFilter(WebMvcSecurityConfiguration.java:230)
	at org.springframework.web.filter.DelegatingFilterProxy.invokeDelegate(DelegatingFilterProxy.java:352)
	at org.springframework.web.filter.DelegatingFilterProxy.doFilter(DelegatingFilterProxy.java:268)
	at org.apache.catalina.core.ApplicationFilterChain.internalDoFilter(ApplicationFilterChain.java:175)
	at org.apache.catalina.core.ApplicationFilterChain.doFilter(ApplicationFilterChain.java:150)
	at org.springframework.web.filter.RequestContextFilter.doFilterInternal(RequestContextFilter.java:100)
	at org.springframework.web.filter.OncePerRequestFilter.doFilter(OncePerRequestFilter.java:116)
	at org.apache.catalina.core.ApplicationFilterChain.internalDoFilter(ApplicationFilterChain.java:175)
	at org.apache.catalina.core.ApplicationFilterChain.doFilter(ApplicationFilterChain.java:150)
	at org.springframework.web.filter.OncePerRequestFilter.doFilter(OncePerRequestFilter.java:101)
	at org.apache.catalina.core.ApplicationFilterChain.internalDoFilter(ApplicationFilterChain.java:175)
	at org.apache.catalina.core.ApplicationFilterChain.doFilter(ApplicationFilterChain.java:150)
	at org.springframework.session.web.http.SessionRepositoryFilter.doFilterInternal(SessionRepositoryFilter.java:142)
	at org.springframework.session.web.http.OncePerRequestFilter.doFilter(OncePerRequestFilter.java:82)
	at org.springframework.web.filter.DelegatingFilterProxy.invokeDelegate(DelegatingFilterProxy.java:352)
	at org.springframework.web.filter.DelegatingFilterProxy.doFilter(DelegatingFilterProxy.java:268)
	at org.apache.catalina.core.ApplicationFilterChain.internalDoFilter(ApplicationFilterChain.java:175)
	at org.apache.catalina.core.ApplicationFilterChain.doFilter(ApplicationFilterChain.java:150)
	at org.springframework.web.filter.OncePerRequestFilter.doFilter(OncePerRequestFilter.java:101)
	at org.apache.catalina.core.ApplicationFilterChain.internalDoFilter(ApplicationFilterChain.java:175)
	at org.apache.catalina.core.ApplicationFilterChain.doFilter(ApplicationFilterChain.java:150)
	at org.apache.catalina.core.ApplicationDispatcher.invoke(ApplicationDispatcher.java:653)
	at org.apache.catalina.core.ApplicationDispatcher.processRequest(ApplicationDispatcher.java:421)
	at org.apache.catalina.core.ApplicationDispatcher.doForward(ApplicationDispatcher.java:340)
	at org.apache.catalina.core.ApplicationDispatcher.forward(ApplicationDispatcher.java:277)
	at org.apache.catalina.core.StandardHostValve.custom(StandardHostValve.java:362)
	at org.apache.catalina.core.StandardHostValve.status(StandardHostValve.java:222)
	at org.apache.catalina.core.StandardHostValve.throwable(StandardHostValve.java:308)
	at org.apache.catalina.core.StandardHostValve.invoke(StandardHostValve.java:149)
	at org.apache.catalina.valves.ErrorReportValve.invoke(ErrorReportValve.java:93)
	at org.apache.catalina.core.StandardEngineValve.invoke(StandardEngineValve.java:74)
	at org.apache.catalina.connector.CoyoteAdapter.service(CoyoteAdapter.java:344)
	at org.apache.coyote.http11.Http11Processor.service(Http11Processor.java:391)
	at org.apache.coyote.AbstractProcessorLight.process(AbstractProcessorLight.java:63)
	at org.apache.coyote.AbstractProtocol$ConnectionHandler.process(AbstractProtocol.java:896)
	at org.apache.tomcat.util.net.NioEndpoint$SocketProcessor.doRun(NioEndpoint.java:1736)
	at org.apache.tomcat.util.net.SocketProcessorBase.run(SocketProcessorBase.java:52)
	at org.apache.tomcat.util.threads.ThreadPoolExecutor.runWorker(ThreadPoolExecutor.java:1191)
	at org.apache.tomcat.util.threads.ThreadPoolExecutor$Worker.run(ThreadPoolExecutor.java:659)
	at org.apache.tomcat.util.threads.TaskThread$WrappingRunnable.run(TaskThread.java:63)
	at java.base/java.lang.Thread.run(Thread.java:842)
2026-05-24 12:38:28 [http-nio-8080-exec-3] DEBUG o.s.s.w.h.S.SESSION_LOGGER - No session found by id: Caching result for getSession(false) for this HttpServletRequest.
2026-05-24 12:38:28 [http-nio-8080-exec-2] DEBUG o.s.d.r.core.RedisConnectionUtils - Fetching Redis Connection from RedisConnectionFactory
2026-05-24 12:38:28 [http-nio-8080-exec-4] DEBUG o.s.s.w.h.S.SESSION_LOGGER - No session found by id: Caching result for getSession(false) for this HttpServletRequest.
2026-05-24 12:38:28 [http-nio-8080-exec-4] DEBUG o.s.s.w.h.S.SESSION_LOGGER - No session found by id: Caching result for getSession(false) for this HttpServletRequest.
2026-05-24 12:38:28 [http-nio-8080-exec-4] DEBUG o.s.s.w.h.S.SESSION_LOGGER - No session found by id: Caching result for getSession(false) for this HttpServletRequest.
2026-05-24 12:38:28 [http-nio-8080-exec-4] DEBUG o.s.s.w.h.S.SESSION_LOGGER - No session found by id: Caching result for getSession(false) for this HttpServletRequest.
2026-05-24 12:38:28 [http-nio-8080-exec-4] DEBUG o.s.s.w.h.S.SESSION_LOGGER - No session found by id: Caching result for getSession(false) for this HttpServletRequest.
2026-05-24 12:38:28 [http-nio-8080-exec-4] DEBUG o.s.s.w.h.S.SESSION_LOGGER - No session found by id: Caching result for getSession(false) for this HttpServletRequest.
2026-05-24 12:38:28 [http-nio-8080-exec-4] DEBUG o.s.s.w.h.S.SESSION_LOGGER - No session found by id: Caching result for getSession(false) for this HttpServletRequest.
2026-05-24 12:38:28 [http-nio-8080-exec-4] DEBUG o.s.s.w.h.S.SESSION_LOGGER - No session found by id: Caching result for getSession(false) for this HttpServletRequest.
2026-05-24 12:38:28 [http-nio-8080-exec-4] DEBUG o.s.s.w.h.S.SESSION_LOGGER - No session found by id: Caching result for getSession(false) for this HttpServletRequest.
2026-05-24 12:38:28 [http-nio-8080-exec-4] DEBUG o.s.s.w.h.S.SESSION_LOGGER - No session found by id: Caching result for getSession(false) for this HttpServletRequest.
2026-05-24 12:38:28 [http-nio-8080-exec-4] DEBUG o.s.s.w.h.S.SESSION_LOGGER - A new session was created. To help you troubleshoot where the session was created we provided a StackTrace (this is not an error). You can prevent this from appearing by disabling DEBUG logging for org.springframework.session.web.http.SessionRepositoryFilter.SESSION_LOGGER
java.lang.RuntimeException: For debugging purposes only (not an error)
	at org.springframework.session.web.http.SessionRepositoryFilter$SessionRepositoryRequestWrapper.getSession(SessionRepositoryFilter.java:314)
	at org.springframework.session.web.http.SessionRepositoryFilter$SessionRepositoryRequestWrapper.getSession(SessionRepositoryFilter.java:328)
	at org.springframework.session.web.http.SessionRepositoryFilter$SessionRepositoryRequestWrapper.getSession(SessionRepositoryFilter.java:193)
	at jakarta.servlet.http.HttpServletRequestWrapper.getSession(HttpServletRequestWrapper.java:229)
	at jakarta.servlet.http.HttpServletRequestWrapper.getSession(HttpServletRequestWrapper.java:229)
	at org.springframework.security.web.savedrequest.HttpSessionRequestCache.saveRequest(HttpSessionRequestCache.java:78)
	at org.springframework.security.web.access.ExceptionTranslationFilter.sendStartAuthentication(ExceptionTranslationFilter.java:218)
	at org.springframework.security.web.access.ExceptionTranslationFilter.handleAccessDeniedException(ExceptionTranslationFilter.java:197)
	at org.springframework.security.web.access.ExceptionTranslationFilter.handleSpringSecurityException(ExceptionTranslationFilter.java:178)
	at org.springframework.security.web.access.ExceptionTranslationFilter.doFilter(ExceptionTranslationFilter.java:147)
	at org.springframework.security.web.access.ExceptionTranslationFilter.doFilter(ExceptionTranslationFilter.java:120)
	at org.springframework.security.web.FilterChainProxy$VirtualFilterChain.doFilter(FilterChainProxy.java:374)
	at org.springframework.security.web.session.SessionManagementFilter.doFilter(SessionManagementFilter.java:91)
	at org.springframework.security.web.session.SessionManagementFilter.doFilter(SessionManagementFilter.java:85)
	at org.springframework.security.web.FilterChainProxy$VirtualFilterChain.doFilter(FilterChainProxy.java:374)
	at org.springframework.security.web.authentication.AnonymousAuthenticationFilter.doFilter(AnonymousAuthenticationFilter.java:100)
	at org.springframework.security.web.FilterChainProxy$VirtualFilterChain.doFilter(FilterChainProxy.java:374)
	at org.springframework.security.web.servletapi.SecurityContextHolderAwareRequestFilter.doFilter(SecurityContextHolderAwareRequestFilter.java:179)
	at org.springframework.security.web.FilterChainProxy$VirtualFilterChain.doFilter(FilterChainProxy.java:374)
	at org.springframework.security.web.savedrequest.RequestCacheAwareFilter.doFilter(RequestCacheAwareFilter.java:63)
	at org.springframework.security.web.FilterChainProxy$VirtualFilterChain.doFilter(FilterChainProxy.java:374)
	at org.springframework.security.web.session.ConcurrentSessionFilter.doFilter(ConcurrentSessionFilter.java:151)
	at org.springframework.security.web.session.ConcurrentSessionFilter.doFilter(ConcurrentSessionFilter.java:129)
	at org.springframework.security.web.FilterChainProxy$VirtualFilterChain.doFilter(FilterChainProxy.java:374)
	at org.springframework.web.filter.OncePerRequestFilter.doFilter(OncePerRequestFilter.java:101)
	at org.springframework.security.web.FilterChainProxy$VirtualFilterChain.doFilter(FilterChainProxy.java:374)
	at org.springframework.web.filter.OncePerRequestFilter.doFilter(OncePerRequestFilter.java:101)
	at org.springframework.security.web.FilterChainProxy$VirtualFilterChain.doFilter(FilterChainProxy.java:374)
	at org.springframework.web.filter.OncePerRequestFilter.doFilter(OncePerRequestFilter.java:101)
	at org.springframework.security.web.FilterChainProxy$VirtualFilterChain.doFilter(FilterChainProxy.java:374)
	at org.springframework.security.web.context.SecurityContextHolderFilter.doFilter(SecurityContextHolderFilter.java:82)
	at org.springframework.security.web.context.SecurityContextHolderFilter.doFilter(SecurityContextHolderFilter.java:69)
	at org.springframework.security.web.FilterChainProxy$VirtualFilterChain.doFilter(FilterChainProxy.java:374)
	at org.springframework.web.filter.OncePerRequestFilter.doFilter(OncePerRequestFilter.java:101)
	at org.springframework.security.web.FilterChainProxy$VirtualFilterChain.doFilter(FilterChainProxy.java:374)
	at org.springframework.web.filter.OncePerRequestFilter.doFilter(OncePerRequestFilter.java:101)
	at org.springframework.security.web.FilterChainProxy$VirtualFilterChain.doFilter(FilterChainProxy.java:374)
	at org.springframework.security.web.FilterChainProxy.doFilterInternal(FilterChainProxy.java:233)
	at org.springframework.security.web.FilterChainProxy.doFilter(FilterChainProxy.java:191)
	at org.springframework.web.filter.CompositeFilter$VirtualFilterChain.doFilter(CompositeFilter.java:113)
	at org.springframework.web.servlet.handler.HandlerMappingIntrospector.lambda$createCacheFilter$3(HandlerMappingIntrospector.java:195)
	at org.springframework.web.filter.CompositeFilter$VirtualFilterChain.doFilter(CompositeFilter.java:113)
	at org.springframework.web.filter.CompositeFilter.doFilter(CompositeFilter.java:74)
	at org.springframework.security.config.annotation.web.configuration.WebMvcSecurityConfiguration$CompositeFilterChainProxy.doFilter(WebMvcSecurityConfiguration.java:230)
	at org.springframework.web.filter.DelegatingFilterProxy.invokeDelegate(DelegatingFilterProxy.java:352)
	at org.springframework.web.filter.DelegatingFilterProxy.doFilter(DelegatingFilterProxy.java:268)
	at org.apache.catalina.core.ApplicationFilterChain.internalDoFilter(ApplicationFilterChain.java:175)
	at org.apache.catalina.core.ApplicationFilterChain.doFilter(ApplicationFilterChain.java:150)
	at org.springframework.web.filter.RequestContextFilter.doFilterInternal(RequestContextFilter.java:100)
	at org.springframework.web.filter.OncePerRequestFilter.doFilter(OncePerRequestFilter.java:116)
	at org.apache.catalina.core.ApplicationFilterChain.internalDoFilter(ApplicationFilterChain.java:175)
	at org.apache.catalina.core.ApplicationFilterChain.doFilter(ApplicationFilterChain.java:150)
	at org.springframework.web.filter.OncePerRequestFilter.doFilter(OncePerRequestFilter.java:101)
	at org.apache.catalina.core.ApplicationFilterChain.internalDoFilter(ApplicationFilterChain.java:175)
	at org.apache.catalina.core.ApplicationFilterChain.doFilter(ApplicationFilterChain.java:150)
	at org.springframework.session.web.http.SessionRepositoryFilter.doFilterInternal(SessionRepositoryFilter.java:142)
	at org.springframework.session.web.http.OncePerRequestFilter.doFilter(OncePerRequestFilter.java:82)
	at org.springframework.web.filter.DelegatingFilterProxy.invokeDelegate(DelegatingFilterProxy.java:352)
	at org.springframework.web.filter.DelegatingFilterProxy.doFilter(DelegatingFilterProxy.java:268)
	at org.apache.catalina.core.ApplicationFilterChain.internalDoFilter(ApplicationFilterChain.java:175)
	at org.apache.catalina.core.ApplicationFilterChain.doFilter(ApplicationFilterChain.java:150)
	at org.springframework.web.filter.OncePerRequestFilter.doFilter(OncePerRequestFilter.java:101)
	at org.apache.catalina.core.ApplicationFilterChain.internalDoFilter(ApplicationFilterChain.java:175)
	at org.apache.catalina.core.ApplicationFilterChain.doFilter(ApplicationFilterChain.java:150)
	at org.apache.catalina.core.ApplicationDispatcher.invoke(ApplicationDispatcher.java:653)
	at org.apache.catalina.core.ApplicationDispatcher.processRequest(ApplicationDispatcher.java:421)
	at org.apache.catalina.core.ApplicationDispatcher.doForward(ApplicationDispatcher.java:340)
	at org.apache.catalina.core.ApplicationDispatcher.forward(ApplicationDispatcher.java:277)
	at org.apache.catalina.core.StandardHostValve.custom(StandardHostValve.java:362)
	at org.apache.catalina.core.StandardHostValve.status(StandardHostValve.java:222)
	at org.apache.catalina.core.StandardHostValve.invoke(StandardHostValve.java:151)
	at org.apache.catalina.valves.ErrorReportValve.invoke(ErrorReportValve.java:93)
	at org.apache.catalina.core.StandardEngineValve.invoke(StandardEngineValve.java:74)
	at org.apache.catalina.connector.CoyoteAdapter.service(CoyoteAdapter.java:344)
	at org.apache.coyote.http11.Http11Processor.service(Http11Processor.java:391)
	at org.apache.coyote.AbstractProcessorLight.process(AbstractProcessorLight.java:63)
	at org.apache.coyote.AbstractProtocol$ConnectionHandler.process(AbstractProtocol.java:896)
	at org.apache.tomcat.util.net.NioEndpoint$SocketProcessor.doRun(NioEndpoint.java:1736)
	at org.apache.tomcat.util.net.SocketProcessorBase.run(SocketProcessorBase.java:52)
	at org.apache.tomcat.util.threads.ThreadPoolExecutor.runWorker(ThreadPoolExecutor.java:1191)
	at org.apache.tomcat.util.threads.ThreadPoolExecutor$Worker.run(ThreadPoolExecutor.java:659)
	at org.apache.tomcat.util.threads.TaskThread$WrappingRunnable.run(TaskThread.java:63)
	at java.base/java.lang.Thread.run(Thread.java:842)
2026-05-24 12:38:28 [http-nio-8080-exec-4] DEBUG o.s.d.r.core.RedisConnectionUtils - Fetching Redis Connection from RedisConnectionFactory
2026-05-24 12:38:28 [http-nio-8080-exec-2] DEBUG o.s.d.r.core.RedisConnectionUtils - Closing Redis Connection
2026-05-24 12:38:28 [http-nio-8080-exec-4] DEBUG o.s.d.r.core.RedisConnectionUtils - Closing Redis Connection
2026-05-24 12:38:28 [http-nio-8080-exec-2] DEBUG o.s.d.r.core.RedisConnectionUtils - Fetching Redis Connection from RedisConnectionFactory
2026-05-24 12:38:28 [http-nio-8080-exec-4] DEBUG o.s.d.r.core.RedisConnectionUtils - Fetching Redis Connection from RedisConnectionFactory
2026-05-24 12:38:28 [http-nio-8080-exec-2] DEBUG o.s.d.r.core.RedisConnectionUtils - Closing Redis Connection
2026-05-24 12:38:28 [http-nio-8080-exec-4] DEBUG o.s.d.r.core.RedisConnectionUtils - Closing Redis Connection
2026-05-24 12:38:28 [http-nio-8080-exec-4] DEBUG o.s.d.r.core.RedisConnectionUtils - Fetching Redis Connection from RedisConnectionFactory
2026-05-24 12:38:28 [http-nio-8080-exec-2] DEBUG o.s.d.r.core.RedisConnectionUtils - Fetching Redis Connection from RedisConnectionFactory
2026-05-24 12:38:28 [http-nio-8080-exec-4] DEBUG o.s.d.r.core.RedisConnectionUtils - Closing Redis Connection
2026-05-24 12:38:28 [http-nio-8080-exec-2] DEBUG o.s.d.r.core.RedisConnectionUtils - Closing Redis Connection
2026-05-24 12:38:34 [http-nio-8080-exec-5] DEBUG o.s.d.r.core.RedisConnectionUtils - Fetching Redis Connection from RedisConnectionFactory
2026-05-24 12:38:34 [http-nio-8080-exec-5] DEBUG o.s.d.r.core.RedisConnectionUtils - Closing Redis Connection
2026-05-24 12:38:34 [http-nio-8080-exec-5] INFO  g.demo.controller.LoginController - 尝试登录 - 用户名: test
2026-05-24 12:38:34 [http-nio-8080-exec-5] INFO  g.demo.controller.LoginController - 用户存在，检查密码 - 用户名: test
2026-05-24 12:38:35 [http-nio-8080-exec-5] INFO  g.demo.controller.LoginController - 登录成功 - 用户名: test, VIP状态: 非VIP用户, SessionId: 0e4929df-5f57-4f6c-b66f-c66bdac3fa63
2026-05-24 12:38:35 [http-nio-8080-exec-5] DEBUG o.s.d.r.core.RedisConnectionUtils - Fetching Redis Connection from RedisConnectionFactory
2026-05-24 12:38:35 [http-nio-8080-exec-5] DEBUG o.s.d.r.core.RedisConnectionUtils - Closing Redis Connection
2026-05-24 12:38:35 [http-nio-8080-exec-5] DEBUG o.s.d.r.core.RedisConnectionUtils - Fetching Redis Connection from RedisConnectionFactory
2026-05-24 12:38:35 [http-nio-8080-exec-5] DEBUG o.s.d.r.core.RedisConnectionUtils - Closing Redis Connection
2026-05-24 12:38:35 [http-nio-8080-exec-5] DEBUG o.s.d.r.core.RedisConnectionUtils - Fetching Redis Connection from RedisConnectionFactory
2026-05-24 12:38:35 [http-nio-8080-exec-5] DEBUG o.s.d.r.core.RedisConnectionUtils - Closing Redis Connection
2026-05-24 12:38:35 [http-nio-8080-exec-5] DEBUG o.s.d.r.core.RedisConnectionUtils - Fetching Redis Connection from RedisConnectionFactory
2026-05-24 12:38:35 [http-nio-8080-exec-5] DEBUG o.s.d.r.core.RedisConnectionUtils - Closing Redis Connection
2026-05-24 12:38:35 [http-nio-8080-exec-5] DEBUG o.s.d.r.core.RedisConnectionUtils - Fetching Redis Connection from RedisConnectionFactory
2026-05-24 12:38:35 [http-nio-8080-exec-5] DEBUG o.s.d.r.core.RedisConnectionUtils - Closing Redis Connection
2026-05-24 12:38:35 [http-nio-8080-exec-6] DEBUG o.s.d.r.core.RedisConnectionUtils - Fetching Redis Connection from RedisConnectionFactory
2026-05-24 12:38:35 [http-nio-8080-exec-6] DEBUG o.s.d.r.core.RedisConnectionUtils - Closing Redis Connection
2026-05-24 12:38:35 [http-nio-8080-exec-6] DEBUG o.s.d.r.core.RedisConnectionUtils - Fetching Redis Connection from RedisConnectionFactory
2026-05-24 12:38:35 [http-nio-8080-exec-6] DEBUG o.s.d.r.core.RedisConnectionUtils - Closing Redis Connection
2026-05-24 12:38:35 [http-nio-8080-exec-6] DEBUG o.s.d.r.core.RedisConnectionUtils - Fetching Redis Connection from RedisConnectionFactory
2026-05-24 12:38:35 [http-nio-8080-exec-6] DEBUG o.s.d.r.core.RedisConnectionUtils - Closing Redis Connection
2026-05-24 12:38:35 [http-nio-8080-exec-6] DEBUG o.s.d.r.core.RedisConnectionUtils - Fetching Redis Connection from RedisConnectionFactory
2026-05-24 12:38:35 [http-nio-8080-exec-6] DEBUG o.s.d.r.core.RedisConnectionUtils - Closing Redis Connection
2026-05-24 12:38:35 [http-nio-8080-exec-6] DEBUG o.s.d.r.core.RedisConnectionUtils - Fetching Redis Connection from RedisConnectionFactory
2026-05-24 12:38:35 [http-nio-8080-exec-6] DEBUG o.s.d.r.core.RedisConnectionUtils - Closing Redis Connection
2026-05-24 12:38:35 [http-nio-8080-exec-6] DEBUG o.s.d.r.core.RedisConnectionUtils - Fetching Redis Connection from RedisConnectionFactory
2026-05-24 12:38:35 [http-nio-8080-exec-6] DEBUG o.s.d.r.core.RedisConnectionUtils - Closing Redis Connection
2026-05-24 12:38:36 [http-nio-8080-exec-7] DEBUG o.s.d.r.core.RedisConnectionUtils - Fetching Redis Connection from RedisConnectionFactory
2026-05-24 12:38:36 [http-nio-8080-exec-7] DEBUG o.s.d.r.core.RedisConnectionUtils - Closing Redis Connection
2026-05-24 12:38:36 [http-nio-8080-exec-7] DEBUG o.s.d.r.core.RedisConnectionUtils - Fetching Redis Connection from RedisConnectionFactory
2026-05-24 12:38:36 [http-nio-8080-exec-7] DEBUG o.s.d.r.core.RedisConnectionUtils - Closing Redis Connection
2026-05-24 12:38:36 [http-nio-8080-exec-7] DEBUG o.s.d.r.core.RedisConnectionUtils - Fetching Redis Connection from RedisConnectionFactory
2026-05-24 12:38:36 [http-nio-8080-exec-7] DEBUG o.s.d.r.core.RedisConnectionUtils - Closing Redis Connection
2026-05-24 12:38:36 [http-nio-8080-exec-7] DEBUG o.s.d.r.core.RedisConnectionUtils - Fetching Redis Connection from RedisConnectionFactory
2026-05-24 12:38:36 [http-nio-8080-exec-7] DEBUG o.s.d.r.core.RedisConnectionUtils - Closing Redis Connection
2026-05-24 12:38:36 [http-nio-8080-exec-7] DEBUG o.s.d.r.core.RedisConnectionUtils - Fetching Redis Connection from RedisConnectionFactory
2026-05-24 12:38:36 [http-nio-8080-exec-7] DEBUG o.s.d.r.core.RedisConnectionUtils - Closing Redis Connection
2026-05-24 12:38:36 [http-nio-8080-exec-7] DEBUG o.s.d.r.core.RedisConnectionUtils - Fetching Redis Connection from RedisConnectionFactory
2026-05-24 12:38:36 [http-nio-8080-exec-7] DEBUG o.s.d.r.core.RedisConnectionUtils - Closing Redis Connection
2026-05-24 12:38:36 [http-nio-8080-exec-8] DEBUG o.s.d.r.core.RedisConnectionUtils - Fetching Redis Connection from RedisConnectionFactory
2026-05-24 12:38:36 [http-nio-8080-exec-8] DEBUG o.s.d.r.core.RedisConnectionUtils - Closing Redis Connection
2026-05-24 12:38:36 [http-nio-8080-exec-8] DEBUG o.s.d.r.core.RedisConnectionUtils - Fetching Redis Connection from RedisConnectionFactory
2026-05-24 12:38:36 [http-nio-8080-exec-8] DEBUG o.s.d.r.core.RedisConnectionUtils - Closing Redis Connection
2026-05-24 12:38:36 [http-nio-8080-exec-8] DEBUG o.s.d.r.core.RedisConnectionUtils - Fetching Redis Connection from RedisConnectionFactory
2026-05-24 12:38:36 [http-nio-8080-exec-8] DEBUG o.s.d.r.core.RedisConnectionUtils - Closing Redis Connection
2026-05-24 12:38:36 [http-nio-8080-exec-8] DEBUG o.s.d.r.core.RedisConnectionUtils - Fetching Redis Connection from RedisConnectionFactory
2026-05-24 12:38:36 [http-nio-8080-exec-8] DEBUG o.s.d.r.core.RedisConnectionUtils - Closing Redis Connection
2026-05-24 12:38:36 [http-nio-8080-exec-8] DEBUG o.s.d.r.core.RedisConnectionUtils - Fetching Redis Connection from RedisConnectionFactory
2026-05-24 12:38:36 [http-nio-8080-exec-8] DEBUG o.s.d.r.core.RedisConnectionUtils - Closing Redis Connection
2026-05-24 12:38:36 [http-nio-8080-exec-8] DEBUG o.s.d.r.core.RedisConnectionUtils - Fetching Redis Connection from RedisConnectionFactory
2026-05-24 12:38:36 [http-nio-8080-exec-8] DEBUG o.s.d.r.core.RedisConnectionUtils - Closing Redis Connection
2026-05-24 12:38:36 [http-nio-8080-exec-8] DEBUG o.s.d.r.core.RedisConnectionUtils - Fetching Redis Connection from RedisConnectionFactory
2026-05-24 12:38:36 [http-nio-8080-exec-8] DEBUG o.s.d.r.core.RedisConnectionUtils - Closing Redis Connection
2026-05-24 12:38:36 [http-nio-8080-exec-8] DEBUG o.s.d.r.core.RedisConnectionUtils - Fetching Redis Connection from RedisConnectionFactory
2026-05-24 12:38:36 [http-nio-8080-exec-8] DEBUG o.s.d.r.core.RedisConnectionUtils - Closing Redis Connection
2026-05-24 12:38:36 [http-nio-8080-exec-8] DEBUG o.s.d.r.core.RedisConnectionUtils - Fetching Redis Connection from RedisConnectionFactory
2026-05-24 12:38:36 [http-nio-8080-exec-8] DEBUG o.s.d.r.core.RedisConnectionUtils - Closing Redis Connection
2026-05-24 12:38:36 [http-nio-8080-exec-8] DEBUG o.s.d.r.core.RedisConnectionUtils - Fetching Redis Connection from RedisConnectionFactory
2026-05-24 12:38:36 [http-nio-8080-exec-8] DEBUG o.s.d.r.core.RedisConnectionUtils - Closing Redis Connection
2026-05-24 12:38:36 [http-nio-8080-exec-8] DEBUG o.s.d.r.core.RedisConnectionUtils - Fetching Redis Connection from RedisConnectionFactory
2026-05-24 12:38:36 [http-nio-8080-exec-8] DEBUG o.s.d.r.core.RedisConnectionUtils - Closing Redis Connection
2026-05-24 12:38:36 [http-nio-8080-exec-8] DEBUG o.s.d.r.core.RedisConnectionUtils - Fetching Redis Connection from RedisConnectionFactory
2026-05-24 12:38:36 [http-nio-8080-exec-8] DEBUG o.s.d.r.core.RedisConnectionUtils - Closing Redis Connection
2026-05-24 12:38:38 [http-nio-8080-exec-9] DEBUG o.s.d.r.core.RedisConnectionUtils - Fetching Redis Connection from RedisConnectionFactory
2026-05-24 12:38:38 [http-nio-8080-exec-9] DEBUG o.s.d.r.core.RedisConnectionUtils - Closing Redis Connection
2026-05-24 12:38:38 [http-nio-8080-exec-9] DEBUG o.s.d.r.core.RedisConnectionUtils - Fetching Redis Connection from RedisConnectionFactory
2026-05-24 12:38:38 [http-nio-8080-exec-9] DEBUG o.s.d.r.core.RedisConnectionUtils - Closing Redis Connection
2026-05-24 12:38:38 [http-nio-8080-exec-9] DEBUG o.s.d.r.core.RedisConnectionUtils - Fetching Redis Connection from RedisConnectionFactory
2026-05-24 12:38:38 [http-nio-8080-exec-9] DEBUG o.s.d.r.core.RedisConnectionUtils - Closing Redis Connection
2026-05-24 12:38:38 [http-nio-8080-exec-9] DEBUG o.s.d.r.core.RedisConnectionUtils - Fetching Redis Connection from RedisConnectionFactory
2026-05-24 12:38:38 [http-nio-8080-exec-9] DEBUG o.s.d.r.core.RedisConnectionUtils - Closing Redis Connection
2026-05-24 12:38:38 [http-nio-8080-exec-9] DEBUG o.s.d.r.core.RedisConnectionUtils - Fetching Redis Connection from RedisConnectionFactory
2026-05-24 12:38:38 [http-nio-8080-exec-9] DEBUG o.s.d.r.core.RedisConnectionUtils - Closing Redis Connection
2026-05-24 12:38:38 [http-nio-8080-exec-9] DEBUG o.s.d.r.core.RedisConnectionUtils - Fetching Redis Connection from RedisConnectionFactory
2026-05-24 12:38:38 [http-nio-8080-exec-9] DEBUG o.s.d.r.core.RedisConnectionUtils - Closing Redis Connection
2026-05-24 12:38:38 [http-nio-8080-exec-1] DEBUG o.s.d.r.core.RedisConnectionUtils - Fetching Redis Connection from RedisConnectionFactory
2026-05-24 12:38:38 [http-nio-8080-exec-10] DEBUG o.s.d.r.core.RedisConnectionUtils - Fetching Redis Connection from RedisConnectionFactory
2026-05-24 12:38:38 [http-nio-8080-exec-10] DEBUG o.s.d.r.core.RedisConnectionUtils - Closing Redis Connection
2026-05-24 12:38:38 [http-nio-8080-exec-1] DEBUG o.s.d.r.core.RedisConnectionUtils - Closing Redis Connection
2026-05-24 12:38:38 [http-nio-8080-exec-1] DEBUG o.s.d.r.core.RedisConnectionUtils - Fetching Redis Connection from RedisConnectionFactory
2026-05-24 12:38:38 [http-nio-8080-exec-1] DEBUG o.s.d.r.core.RedisConnectionUtils - Closing Redis Connection
2026-05-24 12:38:38 [http-nio-8080-exec-1] DEBUG o.s.d.r.core.RedisConnectionUtils - Fetching Redis Connection from RedisConnectionFactory
2026-05-24 12:38:38 [http-nio-8080-exec-1] DEBUG o.s.d.r.core.RedisConnectionUtils - Closing Redis Connection
2026-05-24 12:38:38 [http-nio-8080-exec-1] DEBUG o.s.d.r.core.RedisConnectionUtils - Fetching Redis Connection from RedisConnectionFactory
2026-05-24 12:38:38 [http-nio-8080-exec-1] DEBUG o.s.d.r.core.RedisConnectionUtils - Closing Redis Connection
2026-05-24 12:38:38 [http-nio-8080-exec-1] DEBUG o.s.d.r.core.RedisConnectionUtils - Fetching Redis Connection from RedisConnectionFactory
2026-05-24 12:38:38 [http-nio-8080-exec-1] DEBUG o.s.d.r.core.RedisConnectionUtils - Closing Redis Connection
2026-05-24 12:38:38 [http-nio-8080-exec-1] DEBUG o.s.d.r.core.RedisConnectionUtils - Fetching Redis Connection from RedisConnectionFactory
2026-05-24 12:38:38 [http-nio-8080-exec-1] DEBUG o.s.d.r.core.RedisConnectionUtils - Closing Redis Connection
2026-05-24 12:38:38 [http-nio-8080-exec-10] DEBUG o.s.d.r.core.RedisConnectionUtils - Fetching Redis Connection from RedisConnectionFactory
2026-05-24 12:38:38 [http-nio-8080-exec-10] DEBUG o.s.d.r.core.RedisConnectionUtils - Closing Redis Connection
2026-05-24 12:38:38 [http-nio-8080-exec-10] DEBUG o.s.d.r.core.RedisConnectionUtils - Fetching Redis Connection from RedisConnectionFactory
2026-05-24 12:38:38 [http-nio-8080-exec-10] DEBUG o.s.d.r.core.RedisConnectionUtils - Closing Redis Connection
2026-05-24 12:38:38 [http-nio-8080-exec-10] DEBUG o.s.d.r.core.RedisConnectionUtils - Fetching Redis Connection from RedisConnectionFactory
2026-05-24 12:38:38 [http-nio-8080-exec-10] DEBUG o.s.d.r.core.RedisConnectionUtils - Closing Redis Connection
2026-05-24 12:38:38 [http-nio-8080-exec-10] DEBUG o.s.d.r.core.RedisConnectionUtils - Fetching Redis Connection from RedisConnectionFactory
2026-05-24 12:38:38 [http-nio-8080-exec-10] DEBUG o.s.d.r.core.RedisConnectionUtils - Closing Redis Connection
2026-05-24 12:38:38 [http-nio-8080-exec-10] DEBUG o.s.d.r.core.RedisConnectionUtils - Fetching Redis Connection from RedisConnectionFactory
2026-05-24 12:38:38 [http-nio-8080-exec-10] DEBUG o.s.d.r.core.RedisConnectionUtils - Closing Redis Connection
2026-05-24 12:38:38 [http-nio-8080-exec-3] DEBUG o.s.d.r.core.RedisConnectionUtils - Fetching Redis Connection from RedisConnectionFactory
2026-05-24 12:38:38 [http-nio-8080-exec-3] DEBUG o.s.d.r.core.RedisConnectionUtils - Closing Redis Connection
2026-05-24 12:38:38 [http-nio-8080-exec-3] DEBUG o.s.d.r.core.RedisConnectionUtils - Fetching Redis Connection from RedisConnectionFactory
2026-05-24 12:38:38 [http-nio-8080-exec-3] DEBUG o.s.d.r.core.RedisConnectionUtils - Closing Redis Connection
2026-05-24 12:38:38 [http-nio-8080-exec-3] DEBUG o.s.d.r.core.RedisConnectionUtils - Fetching Redis Connection from RedisConnectionFactory
2026-05-24 12:38:38 [http-nio-8080-exec-3] DEBUG o.s.d.r.core.RedisConnectionUtils - Closing Redis Connection
2026-05-24 12:38:38 [http-nio-8080-exec-3] DEBUG o.s.d.r.core.RedisConnectionUtils - Fetching Redis Connection from RedisConnectionFactory
2026-05-24 12:38:38 [http-nio-8080-exec-3] DEBUG o.s.d.r.core.RedisConnectionUtils - Closing Redis Connection
2026-05-24 12:38:38 [http-nio-8080-exec-3] DEBUG o.s.d.r.core.RedisConnectionUtils - Fetching Redis Connection from RedisConnectionFactory
2026-05-24 12:38:38 [http-nio-8080-exec-3] DEBUG o.s.d.r.core.RedisConnectionUtils - Closing Redis Connection
2026-05-24 12:38:38 [http-nio-8080-exec-3] DEBUG o.s.d.r.core.RedisConnectionUtils - Fetching Redis Connection from RedisConnectionFactory
2026-05-24 12:38:38 [http-nio-8080-exec-3] DEBUG o.s.d.r.core.RedisConnectionUtils - Closing Redis Connection
2026-05-24 12:38:38 [http-nio-8080-exec-3] DEBUG o.s.d.r.core.RedisConnectionUtils - Fetching Redis Connection from RedisConnectionFactory
2026-05-24 12:38:38 [http-nio-8080-exec-3] DEBUG o.s.d.r.core.RedisConnectionUtils - Closing Redis Connection
2026-05-24 12:38:38 [http-nio-8080-exec-3] DEBUG o.s.d.r.core.RedisConnectionUtils - Fetching Redis Connection from RedisConnectionFactory
2026-05-24 12:38:38 [http-nio-8080-exec-3] DEBUG o.s.d.r.core.RedisConnectionUtils - Closing Redis Connection
2026-05-24 12:38:38 [http-nio-8080-exec-3] DEBUG o.s.d.r.core.RedisConnectionUtils - Fetching Redis Connection from RedisConnectionFactory
2026-05-24 12:38:38 [http-nio-8080-exec-3] DEBUG o.s.d.r.core.RedisConnectionUtils - Closing Redis Connection
2026-05-24 12:38:38 [http-nio-8080-exec-3] DEBUG o.s.d.r.core.RedisConnectionUtils - Fetching Redis Connection from RedisConnectionFactory
2026-05-24 12:38:38 [http-nio-8080-exec-3] DEBUG o.s.d.r.core.RedisConnectionUtils - Closing Redis Connection
2026-05-24 12:38:38 [http-nio-8080-exec-3] DEBUG o.s.d.r.core.RedisConnectionUtils - Fetching Redis Connection from RedisConnectionFactory
2026-05-24 12:38:38 [http-nio-8080-exec-3] DEBUG o.s.d.r.core.RedisConnectionUtils - Closing Redis Connection
2026-05-24 12:38:38 [http-nio-8080-exec-3] DEBUG o.s.d.r.core.RedisConnectionUtils - Fetching Redis Connection from RedisConnectionFactory
2026-05-24 12:38:38 [http-nio-8080-exec-3] DEBUG o.s.d.r.core.RedisConnectionUtils - Closing Redis Connection
2026-05-24 12:38:39 [http-nio-8080-exec-4] DEBUG o.s.d.r.core.RedisConnectionUtils - Fetching Redis Connection from RedisConnectionFactory
2026-05-24 12:38:39 [http-nio-8080-exec-4] DEBUG o.s.d.r.core.RedisConnectionUtils - Closing Redis Connection
2026-05-24 12:38:39 [http-nio-8080-exec-4] DEBUG o.s.d.r.core.RedisConnectionUtils - Fetching Redis Connection from RedisConnectionFactory
2026-05-24 12:38:39 [http-nio-8080-exec-4] DEBUG o.s.d.r.core.RedisConnectionUtils - Closing Redis Connection
2026-05-24 12:38:39 [http-nio-8080-exec-4] DEBUG o.s.d.r.core.RedisConnectionUtils - Fetching Redis Connection from RedisConnectionFactory
2026-05-24 12:38:39 [http-nio-8080-exec-4] DEBUG o.s.d.r.core.RedisConnectionUtils - Closing Redis Connection
2026-05-24 12:38:39 [http-nio-8080-exec-4] DEBUG o.s.d.r.core.RedisConnectionUtils - Fetching Redis Connection from RedisConnectionFactory
2026-05-24 12:38:39 [http-nio-8080-exec-4] DEBUG o.s.d.r.core.RedisConnectionUtils - Closing Redis Connection
2026-05-24 12:38:39 [http-nio-8080-exec-4] DEBUG o.s.d.r.core.RedisConnectionUtils - Fetching Redis Connection from RedisConnectionFactory
2026-05-24 12:38:39 [http-nio-8080-exec-4] DEBUG o.s.d.r.core.RedisConnectionUtils - Closing Redis Connection
2026-05-24 12:38:39 [http-nio-8080-exec-4] DEBUG o.s.d.r.core.RedisConnectionUtils - Fetching Redis Connection from RedisConnectionFactory
2026-05-24 12:38:39 [http-nio-8080-exec-4] DEBUG o.s.d.r.core.RedisConnectionUtils - Closing Redis Connection
2026-05-24 12:38:39 [http-nio-8080-exec-2] DEBUG o.s.d.r.core.RedisConnectionUtils - Fetching Redis Connection from RedisConnectionFactory
2026-05-24 12:38:39 [http-nio-8080-exec-2] DEBUG o.s.d.r.core.RedisConnectionUtils - Closing Redis Connection
2026-05-24 12:38:39 [http-nio-8080-exec-2] DEBUG o.s.d.r.core.RedisConnectionUtils - Fetching Redis Connection from RedisConnectionFactory
2026-05-24 12:38:39 [http-nio-8080-exec-2] DEBUG o.s.d.r.core.RedisConnectionUtils - Closing Redis Connection
2026-05-24 12:38:39 [http-nio-8080-exec-2] DEBUG o.s.d.r.core.RedisConnectionUtils - Fetching Redis Connection from RedisConnectionFactory
2026-05-24 12:38:39 [http-nio-8080-exec-2] DEBUG o.s.d.r.core.RedisConnectionUtils - Closing Redis Connection
2026-05-24 12:38:39 [http-nio-8080-exec-2] DEBUG o.s.d.r.core.RedisConnectionUtils - Fetching Redis Connection from RedisConnectionFactory
2026-05-24 12:38:39 [http-nio-8080-exec-2] DEBUG o.s.d.r.core.RedisConnectionUtils - Closing Redis Connection
2026-05-24 12:38:39 [http-nio-8080-exec-2] DEBUG o.s.d.r.core.RedisConnectionUtils - Fetching Redis Connection from RedisConnectionFactory
2026-05-24 12:38:39 [http-nio-8080-exec-2] DEBUG o.s.d.r.core.RedisConnectionUtils - Closing Redis Connection
2026-05-24 12:38:39 [http-nio-8080-exec-2] DEBUG o.s.d.r.core.RedisConnectionUtils - Fetching Redis Connection from RedisConnectionFactory
2026-05-24 12:38:39 [http-nio-8080-exec-2] DEBUG o.s.d.r.core.RedisConnectionUtils - Closing Redis Connection
2026-05-24 12:38:39 [http-nio-8080-exec-5] DEBUG o.s.d.r.core.RedisConnectionUtils - Fetching Redis Connection from RedisConnectionFactory
2026-05-24 12:38:39 [http-nio-8080-exec-5] DEBUG o.s.d.r.core.RedisConnectionUtils - Closing Redis Connection
2026-05-24 12:38:39 [http-nio-8080-exec-5] DEBUG o.s.d.r.core.RedisConnectionUtils - Fetching Redis Connection from RedisConnectionFactory
2026-05-24 12:38:39 [http-nio-8080-exec-5] DEBUG o.s.d.r.core.RedisConnectionUtils - Closing Redis Connection
2026-05-24 12:38:39 [http-nio-8080-exec-5] DEBUG o.s.d.r.core.RedisConnectionUtils - Fetching Redis Connection from RedisConnectionFactory
2026-05-24 12:38:39 [http-nio-8080-exec-5] DEBUG o.s.d.r.core.RedisConnectionUtils - Closing Redis Connection
2026-05-24 12:38:39 [http-nio-8080-exec-5] DEBUG o.s.d.r.core.RedisConnectionUtils - Fetching Redis Connection from RedisConnectionFactory
2026-05-24 12:38:39 [http-nio-8080-exec-5] DEBUG o.s.d.r.core.RedisConnectionUtils - Closing Redis Connection
2026-05-24 12:38:39 [http-nio-8080-exec-5] DEBUG o.s.d.r.core.RedisConnectionUtils - Fetching Redis Connection from RedisConnectionFactory
2026-05-24 12:38:39 [http-nio-8080-exec-5] DEBUG o.s.d.r.core.RedisConnectionUtils - Closing Redis Connection
2026-05-24 12:38:39 [http-nio-8080-exec-5] DEBUG o.s.d.r.core.RedisConnectionUtils - Fetching Redis Connection from RedisConnectionFactory
2026-05-24 12:38:39 [http-nio-8080-exec-5] DEBUG o.s.d.r.core.RedisConnectionUtils - Closing Redis Connection
2026-05-24 12:38:39 [http-nio-8080-exec-5] DEBUG o.s.d.r.core.RedisConnectionUtils - Fetching Redis Connection from RedisConnectionFactory
2026-05-24 12:38:39 [http-nio-8080-exec-5] DEBUG o.s.d.r.core.RedisConnectionUtils - Closing Redis Connection
2026-05-24 12:38:39 [http-nio-8080-exec-5] DEBUG o.s.d.r.core.RedisConnectionUtils - Fetching Redis Connection from RedisConnectionFactory
2026-05-24 12:38:39 [http-nio-8080-exec-5] DEBUG o.s.d.r.core.RedisConnectionUtils - Closing Redis Connection
2026-05-24 12:38:39 [http-nio-8080-exec-5] DEBUG o.s.d.r.core.RedisConnectionUtils - Fetching Redis Connection from RedisConnectionFactory
2026-05-24 12:38:39 [http-nio-8080-exec-5] DEBUG o.s.d.r.core.RedisConnectionUtils - Closing Redis Connection
2026-05-24 12:38:39 [http-nio-8080-exec-5] DEBUG o.s.d.r.core.RedisConnectionUtils - Fetching Redis Connection from RedisConnectionFactory
2026-05-24 12:38:39 [http-nio-8080-exec-5] DEBUG o.s.d.r.core.RedisConnectionUtils - Closing Redis Connection
2026-05-24 12:38:39 [http-nio-8080-exec-5] DEBUG o.s.d.r.core.RedisConnectionUtils - Fetching Redis Connection from RedisConnectionFactory
2026-05-24 12:38:39 [http-nio-8080-exec-5] DEBUG o.s.d.r.core.RedisConnectionUtils - Closing Redis Connection
2026-05-24 12:38:39 [http-nio-8080-exec-5] DEBUG o.s.d.r.core.RedisConnectionUtils - Fetching Redis Connection from RedisConnectionFactory
2026-05-24 12:38:39 [http-nio-8080-exec-5] DEBUG o.s.d.r.core.RedisConnectionUtils - Closing Redis Connection
2026-05-24 12:38:42 [http-nio-8080-exec-8] DEBUG o.s.d.r.core.RedisConnectionUtils - Fetching Redis Connection from RedisConnectionFactory
2026-05-24 12:38:42 [http-nio-8080-exec-8] DEBUG o.s.d.r.core.RedisConnectionUtils - Closing Redis Connection
2026-05-24 12:38:42 [http-nio-8080-exec-8] DEBUG o.s.d.r.core.RedisConnectionUtils - Fetching Redis Connection from RedisConnectionFactory
2026-05-24 12:38:42 [http-nio-8080-exec-8] DEBUG o.s.d.r.core.RedisConnectionUtils - Closing Redis Connection
2026-05-24 12:38:42 [http-nio-8080-exec-8] DEBUG o.s.d.r.core.RedisConnectionUtils - Fetching Redis Connection from RedisConnectionFactory
2026-05-24 12:38:42 [http-nio-8080-exec-8] DEBUG o.s.d.r.core.RedisConnectionUtils - Closing Redis Connection
2026-05-24 12:38:42 [http-nio-8080-exec-8] DEBUG o.s.d.r.core.RedisConnectionUtils - Fetching Redis Connection from RedisConnectionFactory
2026-05-24 12:38:42 [http-nio-8080-exec-8] DEBUG o.s.d.r.core.RedisConnectionUtils - Closing Redis Connection
2026-05-24 12:38:42 [http-nio-8080-exec-8] DEBUG o.s.d.r.core.RedisConnectionUtils - Fetching Redis Connection from RedisConnectionFactory
2026-05-24 12:38:42 [http-nio-8080-exec-8] DEBUG o.s.d.r.core.RedisConnectionUtils - Closing Redis Connection
2026-05-24 12:38:42 [http-nio-8080-exec-8] DEBUG o.s.d.r.core.RedisConnectionUtils - Fetching Redis Connection from RedisConnectionFactory
2026-05-24 12:38:42 [http-nio-8080-exec-8] DEBUG o.s.d.r.core.RedisConnectionUtils - Closing Redis Connection
2026-05-24 12:38:42 [http-nio-8080-exec-9] DEBUG o.s.d.r.core.RedisConnectionUtils - Fetching Redis Connection from RedisConnectionFactory
2026-05-24 12:38:42 [http-nio-8080-exec-1] DEBUG o.s.d.r.core.RedisConnectionUtils - Fetching Redis Connection from RedisConnectionFactory
2026-05-24 12:38:42 [http-nio-8080-exec-9] DEBUG o.s.d.r.core.RedisConnectionUtils - Closing Redis Connection
2026-05-24 12:38:42 [http-nio-8080-exec-1] DEBUG o.s.d.r.core.RedisConnectionUtils - Closing Redis Connection
2026-05-24 12:38:42 [http-nio-8080-exec-1] DEBUG o.s.d.r.core.RedisConnectionUtils - Fetching Redis Connection from RedisConnectionFactory
2026-05-24 12:38:42 [http-nio-8080-exec-1] DEBUG o.s.d.r.core.RedisConnectionUtils - Closing Redis Connection
2026-05-24 12:38:42 [http-nio-8080-exec-1] DEBUG o.s.d.r.core.RedisConnectionUtils - Fetching Redis Connection from RedisConnectionFactory
2026-05-24 12:38:42 [http-nio-8080-exec-1] DEBUG o.s.d.r.core.RedisConnectionUtils - Closing Redis Connection
2026-05-24 12:38:42 [http-nio-8080-exec-1] DEBUG o.s.d.r.core.RedisConnectionUtils - Fetching Redis Connection from RedisConnectionFactory
2026-05-24 12:38:42 [http-nio-8080-exec-1] DEBUG o.s.d.r.core.RedisConnectionUtils - Closing Redis Connection
2026-05-24 12:38:42 [http-nio-8080-exec-1] DEBUG o.s.d.r.core.RedisConnectionUtils - Fetching Redis Connection from RedisConnectionFactory
2026-05-24 12:38:42 [http-nio-8080-exec-1] DEBUG o.s.d.r.core.RedisConnectionUtils - Closing Redis Connection
2026-05-24 12:38:42 [http-nio-8080-exec-1] DEBUG o.s.d.r.core.RedisConnectionUtils - Fetching Redis Connection from RedisConnectionFactory
2026-05-24 12:38:42 [http-nio-8080-exec-1] DEBUG o.s.d.r.core.RedisConnectionUtils - Closing Redis Connection
2026-05-24 12:38:42 [http-nio-8080-exec-9] DEBUG o.s.d.r.core.RedisConnectionUtils - Fetching Redis Connection from RedisConnectionFactory
2026-05-24 12:38:42 [http-nio-8080-exec-9] DEBUG o.s.d.r.core.RedisConnectionUtils - Closing Redis Connection
2026-05-24 12:38:42 [http-nio-8080-exec-9] DEBUG o.s.d.r.core.RedisConnectionUtils - Fetching Redis Connection from RedisConnectionFactory
2026-05-24 12:38:42 [http-nio-8080-exec-9] DEBUG o.s.d.r.core.RedisConnectionUtils - Closing Redis Connection
2026-05-24 12:38:42 [http-nio-8080-exec-9] DEBUG o.s.d.r.core.RedisConnectionUtils - Fetching Redis Connection from RedisConnectionFactory
2026-05-24 12:38:42 [http-nio-8080-exec-9] DEBUG o.s.d.r.core.RedisConnectionUtils - Closing Redis Connection
2026-05-24 12:38:42 [http-nio-8080-exec-9] DEBUG o.s.d.r.core.RedisConnectionUtils - Fetching Redis Connection from RedisConnectionFactory
2026-05-24 12:38:42 [http-nio-8080-exec-9] DEBUG o.s.d.r.core.RedisConnectionUtils - Closing Redis Connection
2026-05-24 12:38:42 [http-nio-8080-exec-9] DEBUG o.s.d.r.core.RedisConnectionUtils - Fetching Redis Connection from RedisConnectionFactory
2026-05-24 12:38:42 [http-nio-8080-exec-9] DEBUG o.s.d.r.core.RedisConnectionUtils - Closing Redis Connection
2026-05-24 12:38:42 [http-nio-8080-exec-10] DEBUG o.s.d.r.core.RedisConnectionUtils - Fetching Redis Connection from RedisConnectionFactory
2026-05-24 12:38:42 [http-nio-8080-exec-10] DEBUG o.s.d.r.core.RedisConnectionUtils - Closing Redis Connection
2026-05-24 12:38:42 [http-nio-8080-exec-10] DEBUG o.s.d.r.core.RedisConnectionUtils - Fetching Redis Connection from RedisConnectionFactory
2026-05-24 12:38:42 [http-nio-8080-exec-10] DEBUG o.s.d.r.core.RedisConnectionUtils - Closing Redis Connection
2026-05-24 12:38:42 [http-nio-8080-exec-10] DEBUG o.s.d.r.core.RedisConnectionUtils - Fetching Redis Connection from RedisConnectionFactory
2026-05-24 12:38:42 [http-nio-8080-exec-10] DEBUG o.s.d.r.core.RedisConnectionUtils - Closing Redis Connection
2026-05-24 12:38:42 [http-nio-8080-exec-10] DEBUG o.s.d.r.core.RedisConnectionUtils - Fetching Redis Connection from RedisConnectionFactory
2026-05-24 12:38:42 [http-nio-8080-exec-10] DEBUG o.s.d.r.core.RedisConnectionUtils - Closing Redis Connection
2026-05-24 12:38:42 [http-nio-8080-exec-10] DEBUG o.s.d.r.core.RedisConnectionUtils - Fetching Redis Connection from RedisConnectionFactory
2026-05-24 12:38:42 [http-nio-8080-exec-10] DEBUG o.s.d.r.core.RedisConnectionUtils - Closing Redis Connection
2026-05-24 12:38:42 [http-nio-8080-exec-10] DEBUG o.s.d.r.core.RedisConnectionUtils - Fetching Redis Connection from RedisConnectionFactory
2026-05-24 12:38:42 [http-nio-8080-exec-10] DEBUG o.s.d.r.core.RedisConnectionUtils - Closing Redis Connection
2026-05-24 12:38:42 [http-nio-8080-exec-10] DEBUG o.s.d.r.core.RedisConnectionUtils - Fetching Redis Connection from RedisConnectionFactory
2026-05-24 12:38:42 [http-nio-8080-exec-10] DEBUG o.s.d.r.core.RedisConnectionUtils - Closing Redis Connection
2026-05-24 12:38:42 [http-nio-8080-exec-10] DEBUG o.s.d.r.core.RedisConnectionUtils - Fetching Redis Connection from RedisConnectionFactory
2026-05-24 12:38:42 [http-nio-8080-exec-10] DEBUG o.s.d.r.core.RedisConnectionUtils - Closing Redis Connection
2026-05-24 12:38:42 [http-nio-8080-exec-10] DEBUG o.s.d.r.core.RedisConnectionUtils - Fetching Redis Connection from RedisConnectionFactory
2026-05-24 12:38:42 [http-nio-8080-exec-10] DEBUG o.s.d.r.core.RedisConnectionUtils - Closing Redis Connection
2026-05-24 12:38:42 [http-nio-8080-exec-10] DEBUG o.s.d.r.core.RedisConnectionUtils - Fetching Redis Connection from RedisConnectionFactory
2026-05-24 12:38:42 [http-nio-8080-exec-10] DEBUG o.s.d.r.core.RedisConnectionUtils - Closing Redis Connection
2026-05-24 12:38:42 [http-nio-8080-exec-10] DEBUG o.s.d.r.core.RedisConnectionUtils - Fetching Redis Connection from RedisConnectionFactory
2026-05-24 12:38:42 [http-nio-8080-exec-10] DEBUG o.s.d.r.core.RedisConnectionUtils - Closing Redis Connection
2026-05-24 12:38:42 [http-nio-8080-exec-10] DEBUG o.s.d.r.core.RedisConnectionUtils - Fetching Redis Connection from RedisConnectionFactory
2026-05-24 12:38:42 [http-nio-8080-exec-10] DEBUG o.s.d.r.core.RedisConnectionUtils - Closing Redis Connection
2026-05-24 12:38:43 [http-nio-8080-exec-3] DEBUG o.s.d.r.core.RedisConnectionUtils - Fetching Redis Connection from RedisConnectionFactory
2026-05-24 12:38:43 [http-nio-8080-exec-3] DEBUG o.s.d.r.core.RedisConnectionUtils - Closing Redis Connection
2026-05-24 12:38:43 [http-nio-8080-exec-3] DEBUG o.s.d.r.core.RedisConnectionUtils - Fetching Redis Connection from RedisConnectionFactory
2026-05-24 12:38:43 [http-nio-8080-exec-3] DEBUG o.s.d.r.core.RedisConnectionUtils - Closing Redis Connection
2026-05-24 12:38:43 [http-nio-8080-exec-3] DEBUG o.s.d.r.core.RedisConnectionUtils - Fetching Redis Connection from RedisConnectionFactory
2026-05-24 12:38:43 [http-nio-8080-exec-3] DEBUG o.s.d.r.core.RedisConnectionUtils - Closing Redis Connection
2026-05-24 12:38:43 [http-nio-8080-exec-3] DEBUG o.s.d.r.core.RedisConnectionUtils - Fetching Redis Connection from RedisConnectionFactory
2026-05-24 12:38:43 [http-nio-8080-exec-3] DEBUG o.s.d.r.core.RedisConnectionUtils - Closing Redis Connection
2026-05-24 12:38:43 [http-nio-8080-exec-3] DEBUG o.s.d.r.core.RedisConnectionUtils - Fetching Redis Connection from RedisConnectionFactory
2026-05-24 12:38:43 [http-nio-8080-exec-3] DEBUG o.s.d.r.core.RedisConnectionUtils - Closing Redis Connection
2026-05-24 12:38:43 [http-nio-8080-exec-3] DEBUG o.s.d.r.core.RedisConnectionUtils - Fetching Redis Connection from RedisConnectionFactory
2026-05-24 12:38:43 [http-nio-8080-exec-3] DEBUG o.s.d.r.core.RedisConnectionUtils - Closing Redis Connection
2026-05-24 12:38:43 [http-nio-8080-exec-4] DEBUG o.s.d.r.core.RedisConnectionUtils - Fetching Redis Connection from RedisConnectionFactory
2026-05-24 12:38:43 [http-nio-8080-exec-4] DEBUG o.s.d.r.core.RedisConnectionUtils - Closing Redis Connection
2026-05-24 12:38:43 [http-nio-8080-exec-4] DEBUG o.s.d.r.core.RedisConnectionUtils - Fetching Redis Connection from RedisConnectionFactory
2026-05-24 12:38:43 [http-nio-8080-exec-4] DEBUG o.s.d.r.core.RedisConnectionUtils - Closing Redis Connection
2026-05-24 12:38:43 [http-nio-8080-exec-4] DEBUG o.s.d.r.core.RedisConnectionUtils - Fetching Redis Connection from RedisConnectionFactory
2026-05-24 12:38:43 [http-nio-8080-exec-4] DEBUG o.s.d.r.core.RedisConnectionUtils - Closing Redis Connection
2026-05-24 12:38:43 [http-nio-8080-exec-4] DEBUG o.s.d.r.core.RedisConnectionUtils - Fetching Redis Connection from RedisConnectionFactory
2026-05-24 12:38:43 [http-nio-8080-exec-4] DEBUG o.s.d.r.core.RedisConnectionUtils - Closing Redis Connection
2026-05-24 12:38:43 [http-nio-8080-exec-4] DEBUG o.s.d.r.core.RedisConnectionUtils - Fetching Redis Connection from RedisConnectionFactory
2026-05-24 12:38:43 [http-nio-8080-exec-4] DEBUG o.s.d.r.core.RedisConnectionUtils - Closing Redis Connection
2026-05-24 12:38:43 [http-nio-8080-exec-4] DEBUG o.s.d.r.core.RedisConnectionUtils - Fetching Redis Connection from RedisConnectionFactory
2026-05-24 12:38:43 [http-nio-8080-exec-4] DEBUG o.s.d.r.core.RedisConnectionUtils - Closing Redis Connection
2026-05-24 12:38:43 [http-nio-8080-exec-4] DEBUG o.s.d.r.core.RedisConnectionUtils - Fetching Redis Connection from RedisConnectionFactory
2026-05-24 12:38:43 [http-nio-8080-exec-4] DEBUG o.s.d.r.core.RedisConnectionUtils - Closing Redis Connection
2026-05-24 12:38:43 [http-nio-8080-exec-4] DEBUG o.s.d.r.core.RedisConnectionUtils - Fetching Redis Connection from RedisConnectionFactory
2026-05-24 12:38:43 [http-nio-8080-exec-4] DEBUG o.s.d.r.core.RedisConnectionUtils - Closing Redis Connection
2026-05-24 12:38:43 [http-nio-8080-exec-4] DEBUG o.s.d.r.core.RedisConnectionUtils - Fetching Redis Connection from RedisConnectionFactory
2026-05-24 12:38:43 [http-nio-8080-exec-4] DEBUG o.s.d.r.core.RedisConnectionUtils - Closing Redis Connection
2026-05-24 12:38:43 [http-nio-8080-exec-4] DEBUG o.s.d.r.core.RedisConnectionUtils - Fetching Redis Connection from RedisConnectionFactory
2026-05-24 12:38:43 [http-nio-8080-exec-4] DEBUG o.s.d.r.core.RedisConnectionUtils - Closing Redis Connection
2026-05-24 12:38:43 [http-nio-8080-exec-4] DEBUG o.s.d.r.core.RedisConnectionUtils - Fetching Redis Connection from RedisConnectionFactory
2026-05-24 12:38:43 [http-nio-8080-exec-4] DEBUG o.s.d.r.core.RedisConnectionUtils - Closing Redis Connection
2026-05-24 12:38:43 [http-nio-8080-exec-4] DEBUG o.s.d.r.core.RedisConnectionUtils - Fetching Redis Connection from RedisConnectionFactory
2026-05-24 12:38:43 [http-nio-8080-exec-4] DEBUG o.s.d.r.core.RedisConnectionUtils - Closing Redis Connection
2026-05-24 12:38:48 [http-nio-8080-exec-2] DEBUG o.s.d.r.core.RedisConnectionUtils - Fetching Redis Connection from RedisConnectionFactory
2026-05-24 12:38:48 [http-nio-8080-exec-2] DEBUG o.s.d.r.core.RedisConnectionUtils - Closing Redis Connection
2026-05-24 12:38:48 [http-nio-8080-exec-2] DEBUG o.s.d.r.core.RedisConnectionUtils - Fetching Redis Connection from RedisConnectionFactory
2026-05-24 12:38:48 [http-nio-8080-exec-2] DEBUG o.s.d.r.core.RedisConnectionUtils - Closing Redis Connection
2026-05-24 12:38:48 [http-nio-8080-exec-2] DEBUG o.s.d.r.core.RedisConnectionUtils - Fetching Redis Connection from RedisConnectionFactory
2026-05-24 12:38:48 [http-nio-8080-exec-2] DEBUG o.s.d.r.core.RedisConnectionUtils - Closing Redis Connection
2026-05-24 12:38:48 [http-nio-8080-exec-2] DEBUG o.s.d.r.core.RedisConnectionUtils - Fetching Redis Connection from RedisConnectionFactory
2026-05-24 12:38:48 [http-nio-8080-exec-2] DEBUG o.s.d.r.core.RedisConnectionUtils - Closing Redis Connection
2026-05-24 12:38:48 [http-nio-8080-exec-2] DEBUG o.s.d.r.core.RedisConnectionUtils - Fetching Redis Connection from RedisConnectionFactory
2026-05-24 12:38:48 [http-nio-8080-exec-2] DEBUG o.s.d.r.core.RedisConnectionUtils - Closing Redis Connection
2026-05-24 12:38:48 [http-nio-8080-exec-2] DEBUG o.s.d.r.core.RedisConnectionUtils - Fetching Redis Connection from RedisConnectionFactory
2026-05-24 12:38:48 [http-nio-8080-exec-2] DEBUG o.s.d.r.core.RedisConnectionUtils - Closing Redis Connection
2026-05-24 12:38:48 [http-nio-8080-exec-7] DEBUG o.s.d.r.core.RedisConnectionUtils - Fetching Redis Connection from RedisConnectionFactory
2026-05-24 12:38:48 [http-nio-8080-exec-5] DEBUG o.s.d.r.core.RedisConnectionUtils - Fetching Redis Connection from RedisConnectionFactory
2026-05-24 12:38:48 [http-nio-8080-exec-7] DEBUG o.s.d.r.core.RedisConnectionUtils - Closing Redis Connection
2026-05-24 12:38:48 [http-nio-8080-exec-5] DEBUG o.s.d.r.core.RedisConnectionUtils - Closing Redis Connection
2026-05-24 12:38:48 [http-nio-8080-exec-7] DEBUG o.s.d.r.core.RedisConnectionUtils - Fetching Redis Connection from RedisConnectionFactory
2026-05-24 12:38:48 [http-nio-8080-exec-7] DEBUG o.s.d.r.core.RedisConnectionUtils - Closing Redis Connection
2026-05-24 12:38:48 [http-nio-8080-exec-7] DEBUG o.s.d.r.core.RedisConnectionUtils - Fetching Redis Connection from RedisConnectionFactory
2026-05-24 12:38:48 [http-nio-8080-exec-7] DEBUG o.s.d.r.core.RedisConnectionUtils - Closing Redis Connection
2026-05-24 12:38:48 [http-nio-8080-exec-7] DEBUG o.s.d.r.core.RedisConnectionUtils - Fetching Redis Connection from RedisConnectionFactory
2026-05-24 12:38:48 [http-nio-8080-exec-7] DEBUG o.s.d.r.core.RedisConnectionUtils - Closing Redis Connection
2026-05-24 12:38:48 [http-nio-8080-exec-7] DEBUG o.s.d.r.core.RedisConnectionUtils - Fetching Redis Connection from RedisConnectionFactory
2026-05-24 12:38:48 [http-nio-8080-exec-7] DEBUG o.s.d.r.core.RedisConnectionUtils - Closing Redis Connection
2026-05-24 12:38:48 [http-nio-8080-exec-5] DEBUG o.s.d.r.core.RedisConnectionUtils - Fetching Redis Connection from RedisConnectionFactory
2026-05-24 12:38:48 [http-nio-8080-exec-5] DEBUG o.s.d.r.core.RedisConnectionUtils - Closing Redis Connection
2026-05-24 12:38:48 [http-nio-8080-exec-5] DEBUG o.s.d.r.core.RedisConnectionUtils - Fetching Redis Connection from RedisConnectionFactory
2026-05-24 12:38:48 [http-nio-8080-exec-5] DEBUG o.s.d.r.core.RedisConnectionUtils - Closing Redis Connection
2026-05-24 12:38:48 [http-nio-8080-exec-5] DEBUG o.s.d.r.core.RedisConnectionUtils - Fetching Redis Connection from RedisConnectionFactory
2026-05-24 12:38:48 [http-nio-8080-exec-7] DEBUG o.s.d.r.core.RedisConnectionUtils - Fetching Redis Connection from RedisConnectionFactory
2026-05-24 12:38:48 [http-nio-8080-exec-5] DEBUG o.s.d.r.core.RedisConnectionUtils - Closing Redis Connection
2026-05-24 12:38:48 [http-nio-8080-exec-7] DEBUG o.s.d.r.core.RedisConnectionUtils - Closing Redis Connection
2026-05-24 12:38:48 [http-nio-8080-exec-5] DEBUG o.s.d.r.core.RedisConnectionUtils - Fetching Redis Connection from RedisConnectionFactory
2026-05-24 12:38:48 [http-nio-8080-exec-5] DEBUG o.s.d.r.core.RedisConnectionUtils - Closing Redis Connection
2026-05-24 12:38:48 [http-nio-8080-exec-5] DEBUG o.s.d.r.core.RedisConnectionUtils - Fetching Redis Connection from RedisConnectionFactory
2026-05-24 12:38:48 [http-nio-8080-exec-5] DEBUG o.s.d.r.core.RedisConnectionUtils - Closing Redis Connection
2026-05-24 12:38:48 [http-nio-8080-exec-6] DEBUG o.s.d.r.core.RedisConnectionUtils - Fetching Redis Connection from RedisConnectionFactory
2026-05-24 12:38:48 [http-nio-8080-exec-6] DEBUG o.s.d.r.core.RedisConnectionUtils - Closing Redis Connection
2026-05-24 12:38:48 [http-nio-8080-exec-6] DEBUG o.s.d.r.core.RedisConnectionUtils - Fetching Redis Connection from RedisConnectionFactory
2026-05-24 12:38:48 [http-nio-8080-exec-6] DEBUG o.s.d.r.core.RedisConnectionUtils - Closing Redis Connection
2026-05-24 12:38:48 [http-nio-8080-exec-6] DEBUG o.s.d.r.core.RedisConnectionUtils - Fetching Redis Connection from RedisConnectionFactory
2026-05-24 12:38:48 [http-nio-8080-exec-6] DEBUG o.s.d.r.core.RedisConnectionUtils - Closing Redis Connection
2026-05-24 12:38:48 [http-nio-8080-exec-6] DEBUG o.s.d.r.core.RedisConnectionUtils - Fetching Redis Connection from RedisConnectionFactory
2026-05-24 12:38:48 [http-nio-8080-exec-6] DEBUG o.s.d.r.core.RedisConnectionUtils - Closing Redis Connection
2026-05-24 12:38:48 [http-nio-8080-exec-6] DEBUG o.s.d.r.core.RedisConnectionUtils - Fetching Redis Connection from RedisConnectionFactory
2026-05-24 12:38:48 [http-nio-8080-exec-6] DEBUG o.s.d.r.core.RedisConnectionUtils - Closing Redis Connection
2026-05-24 12:38:48 [http-nio-8080-exec-6] DEBUG o.s.d.r.core.RedisConnectionUtils - Fetching Redis Connection from RedisConnectionFactory
2026-05-24 12:38:48 [http-nio-8080-exec-6] DEBUG o.s.d.r.core.RedisConnectionUtils - Closing Redis Connection
2026-05-24 12:38:48 [http-nio-8080-exec-6] DEBUG o.s.d.r.core.RedisConnectionUtils - Fetching Redis Connection from RedisConnectionFactory
2026-05-24 12:38:48 [http-nio-8080-exec-6] DEBUG o.s.d.r.core.RedisConnectionUtils - Closing Redis Connection
2026-05-24 12:38:48 [http-nio-8080-exec-6] DEBUG o.s.d.r.core.RedisConnectionUtils - Fetching Redis Connection from RedisConnectionFactory
2026-05-24 12:38:48 [http-nio-8080-exec-6] DEBUG o.s.d.r.core.RedisConnectionUtils - Closing Redis Connection
2026-05-24 12:38:48 [http-nio-8080-exec-6] DEBUG o.s.d.r.core.RedisConnectionUtils - Fetching Redis Connection from RedisConnectionFactory
2026-05-24 12:38:48 [http-nio-8080-exec-6] DEBUG o.s.d.r.core.RedisConnectionUtils - Closing Redis Connection
2026-05-24 12:38:48 [http-nio-8080-exec-6] DEBUG o.s.d.r.core.RedisConnectionUtils - Fetching Redis Connection from RedisConnectionFactory
2026-05-24 12:38:48 [http-nio-8080-exec-6] DEBUG o.s.d.r.core.RedisConnectionUtils - Closing Redis Connection
2026-05-24 12:38:48 [http-nio-8080-exec-6] DEBUG o.s.d.r.core.RedisConnectionUtils - Fetching Redis Connection from RedisConnectionFactory
2026-05-24 12:38:48 [http-nio-8080-exec-6] DEBUG o.s.d.r.core.RedisConnectionUtils - Closing Redis Connection
2026-05-24 12:38:48 [http-nio-8080-exec-6] DEBUG o.s.d.r.core.RedisConnectionUtils - Fetching Redis Connection from RedisConnectionFactory
2026-05-24 12:38:48 [http-nio-8080-exec-6] DEBUG o.s.d.r.core.RedisConnectionUtils - Closing Redis Connection
2026-05-24 12:38:51 [http-nio-8080-exec-8] DEBUG o.s.d.r.core.RedisConnectionUtils - Fetching Redis Connection from RedisConnectionFactory
2026-05-24 12:38:51 [http-nio-8080-exec-8] DEBUG o.s.d.r.core.RedisConnectionUtils - Closing Redis Connection
2026-05-24 12:38:51 [http-nio-8080-exec-8] INFO  g.demo.controller.LoginController - 用户登出: test
2026-05-24 12:38:51 [http-nio-8080-exec-8] DEBUG o.s.d.r.core.RedisConnectionUtils - Fetching Redis Connection from RedisConnectionFactory
2026-05-24 12:38:51 [http-nio-8080-exec-8] DEBUG o.s.d.r.core.RedisConnectionUtils - Closing Redis Connection
2026-05-24 12:38:51 [http-nio-8080-exec-8] DEBUG o.s.d.r.core.RedisConnectionUtils - Fetching Redis Connection from RedisConnectionFactory
2026-05-24 12:38:51 [http-nio-8080-exec-8] DEBUG o.s.d.r.core.RedisConnectionUtils - Closing Redis Connection
2026-05-24 12:38:51 [http-nio-8080-exec-8] DEBUG o.s.s.w.h.S.SESSION_LOGGER - No session found by id: Caching result for getSession(false) for this HttpServletRequest.
2026-05-24 12:39:05 [http-nio-8080-exec-1] DEBUG o.s.s.w.h.S.SESSION_LOGGER - No session found by id: Caching result for getSession(false) for this HttpServletRequest.
2026-05-24 12:39:05 [http-nio-8080-exec-1] DEBUG o.s.s.w.h.S.SESSION_LOGGER - No session found by id: Caching result for getSession(false) for this HttpServletRequest.
2026-05-24 12:39:05 [http-nio-8080-exec-1] DEBUG o.s.s.w.h.S.SESSION_LOGGER - No session found by id: Caching result for getSession(false) for this HttpServletRequest.
2026-05-24 12:39:05 [http-nio-8080-exec-1] DEBUG o.s.s.w.h.S.SESSION_LOGGER - No session found by id: Caching result for getSession(false) for this HttpServletRequest.
2026-05-24 12:39:05 [http-nio-8080-exec-1] DEBUG o.s.s.w.h.S.SESSION_LOGGER - No session found by id: Caching result for getSession(false) for this HttpServletRequest.
2026-05-24 12:39:05 [http-nio-8080-exec-1] INFO  g.demo.controller.LoginController - 尝试登录 - 用户名: admin
2026-05-24 12:39:05 [http-nio-8080-exec-1] INFO  g.demo.controller.LoginController - 用户存在，检查密码 - 用户名: admin
2026-05-24 12:39:05 [http-nio-8080-exec-1] DEBUG o.s.s.w.h.S.SESSION_LOGGER - No session found by id: Caching result for getSession(false) for this HttpServletRequest.
2026-05-24 12:39:05 [http-nio-8080-exec-1] DEBUG o.s.s.w.h.S.SESSION_LOGGER - A new session was created. To help you troubleshoot where the session was created we provided a StackTrace (this is not an error). You can prevent this from appearing by disabling DEBUG logging for org.springframework.session.web.http.SessionRepositoryFilter.SESSION_LOGGER
java.lang.RuntimeException: For debugging purposes only (not an error)
	at org.springframework.session.web.http.SessionRepositoryFilter$SessionRepositoryRequestWrapper.getSession(SessionRepositoryFilter.java:314)
	at org.springframework.session.web.http.SessionRepositoryFilter$SessionRepositoryRequestWrapper.getSession(SessionRepositoryFilter.java:193)
	at jakarta.servlet.http.HttpServletRequestWrapper.getSession(HttpServletRequestWrapper.java:221)
	at jakarta.servlet.http.HttpServletRequestWrapper.getSession(HttpServletRequestWrapper.java:221)
	at jakarta.servlet.http.HttpServletRequestWrapper.getSession(HttpServletRequestWrapper.java:221)
	at game.demo.controller.LoginController.login(LoginController.java:48)
	at java.base/jdk.internal.reflect.NativeMethodAccessorImpl.invoke0(Native Method)
	at java.base/jdk.internal.reflect.NativeMethodAccessorImpl.invoke(NativeMethodAccessorImpl.java:77)
	at java.base/jdk.internal.reflect.DelegatingMethodAccessorImpl.invoke(DelegatingMethodAccessorImpl.java:43)
	at java.base/java.lang.reflect.Method.invoke(Method.java:568)
	at org.springframework.web.method.support.InvocableHandlerMethod.doInvoke(InvocableHandlerMethod.java:255)
	at org.springframework.web.method.support.InvocableHandlerMethod.invokeForRequest(InvocableHandlerMethod.java:188)
	at org.springframework.web.servlet.mvc.method.annotation.ServletInvocableHandlerMethod.invokeAndHandle(ServletInvocableHandlerMethod.java:118)
	at org.springframework.web.servlet.mvc.method.annotation.RequestMappingHandlerAdapter.invokeHandlerMethod(RequestMappingHandlerAdapter.java:926)
	at org.springframework.web.servlet.mvc.method.annotation.RequestMappingHandlerAdapter.handleInternal(RequestMappingHandlerAdapter.java:831)
	at org.springframework.web.servlet.mvc.method.AbstractHandlerMethodAdapter.handle(AbstractHandlerMethodAdapter.java:87)
	at org.springframework.web.servlet.DispatcherServlet.doDispatch(DispatcherServlet.java:1089)
	at org.springframework.web.servlet.DispatcherServlet.doService(DispatcherServlet.java:979)
	at org.springframework.web.servlet.FrameworkServlet.processRequest(FrameworkServlet.java:1014)
	at org.springframework.web.servlet.FrameworkServlet.doPost(FrameworkServlet.java:914)
	at jakarta.servlet.http.HttpServlet.service(HttpServlet.java:590)
	at org.springframework.web.servlet.FrameworkServlet.service(FrameworkServlet.java:885)
	at jakarta.servlet.http.HttpServlet.service(HttpServlet.java:658)
	at org.apache.catalina.core.ApplicationFilterChain.internalDoFilter(ApplicationFilterChain.java:206)
	at org.apache.catalina.core.ApplicationFilterChain.doFilter(ApplicationFilterChain.java:150)
	at org.apache.tomcat.websocket.server.WsFilter.doFilter(WsFilter.java:51)
	at org.apache.catalina.core.ApplicationFilterChain.internalDoFilter(ApplicationFilterChain.java:175)
	at org.apache.catalina.core.ApplicationFilterChain.doFilter(ApplicationFilterChain.java:150)
	at org.springframework.web.filter.OncePerRequestFilter.doFilter(OncePerRequestFilter.java:110)
	at org.apache.catalina.core.ApplicationFilterChain.internalDoFilter(ApplicationFilterChain.java:175)
	at org.apache.catalina.core.ApplicationFilterChain.doFilter(ApplicationFilterChain.java:150)
	at org.springframework.web.filter.CompositeFilter$VirtualFilterChain.doFilter(CompositeFilter.java:108)
	at org.springframework.security.web.FilterChainProxy.lambda$doFilterInternal$3(FilterChainProxy.java:231)
	at org.springframework.security.web.FilterChainProxy$VirtualFilterChain.doFilter(FilterChainProxy.java:365)
	at org.springframework.security.web.access.intercept.AuthorizationFilter.doFilter(AuthorizationFilter.java:100)
	at org.springframework.security.web.FilterChainProxy$VirtualFilterChain.doFilter(FilterChainProxy.java:374)
	at org.springframework.security.web.access.ExceptionTranslationFilter.doFilter(ExceptionTranslationFilter.java:126)
	at org.springframework.security.web.access.ExceptionTranslationFilter.doFilter(ExceptionTranslationFilter.java:120)
	at org.springframework.security.web.FilterChainProxy$VirtualFilterChain.doFilter(FilterChainProxy.java:374)
	at org.springframework.security.web.session.SessionManagementFilter.doFilter(SessionManagementFilter.java:131)
	at org.springframework.security.web.session.SessionManagementFilter.doFilter(SessionManagementFilter.java:85)
	at org.springframework.security.web.FilterChainProxy$VirtualFilterChain.doFilter(FilterChainProxy.java:374)
	at org.springframework.security.web.authentication.AnonymousAuthenticationFilter.doFilter(AnonymousAuthenticationFilter.java:100)
	at org.springframework.security.web.FilterChainProxy$VirtualFilterChain.doFilter(FilterChainProxy.java:374)
	at org.springframework.security.web.servletapi.SecurityContextHolderAwareRequestFilter.doFilter(SecurityContextHolderAwareRequestFilter.java:179)
	at org.springframework.security.web.FilterChainProxy$VirtualFilterChain.doFilter(FilterChainProxy.java:374)
	at org.springframework.security.web.savedrequest.RequestCacheAwareFilter.doFilter(RequestCacheAwareFilter.java:63)
	at org.springframework.security.web.FilterChainProxy$VirtualFilterChain.doFilter(FilterChainProxy.java:374)
	at org.springframework.security.web.session.ConcurrentSessionFilter.doFilter(ConcurrentSessionFilter.java:151)
	at org.springframework.security.web.session.ConcurrentSessionFilter.doFilter(ConcurrentSessionFilter.java:129)
	at org.springframework.security.web.FilterChainProxy$VirtualFilterChain.doFilter(FilterChainProxy.java:374)
	at game.demo.config.AdminAuthFilter.doFilterInternal(AdminAuthFilter.java:47)
	at org.springframework.web.filter.OncePerRequestFilter.doFilter(OncePerRequestFilter.java:116)
	at org.springframework.security.web.FilterChainProxy$VirtualFilterChain.doFilter(FilterChainProxy.java:374)
	at org.springframework.web.filter.CorsFilter.doFilterInternal(CorsFilter.java:91)
	at org.springframework.web.filter.OncePerRequestFilter.doFilter(OncePerRequestFilter.java:116)
	at org.springframework.security.web.FilterChainProxy$VirtualFilterChain.doFilter(FilterChainProxy.java:374)
	at org.springframework.security.web.header.HeaderWriterFilter.doHeadersAfter(HeaderWriterFilter.java:90)
	at org.springframework.security.web.header.HeaderWriterFilter.doFilterInternal(HeaderWriterFilter.java:75)
	at org.springframework.web.filter.OncePerRequestFilter.doFilter(OncePerRequestFilter.java:116)
	at org.springframework.security.web.FilterChainProxy$VirtualFilterChain.doFilter(FilterChainProxy.java:374)
	at org.springframework.security.web.context.SecurityContextHolderFilter.doFilter(SecurityContextHolderFilter.java:82)
	at org.springframework.security.web.context.SecurityContextHolderFilter.doFilter(SecurityContextHolderFilter.java:69)
	at org.springframework.security.web.FilterChainProxy$VirtualFilterChain.doFilter(FilterChainProxy.java:374)
	at org.springframework.security.web.context.request.async.WebAsyncManagerIntegrationFilter.doFilterInternal(WebAsyncManagerIntegrationFilter.java:62)
	at org.springframework.web.filter.OncePerRequestFilter.doFilter(OncePerRequestFilter.java:116)
	at org.springframework.security.web.FilterChainProxy$VirtualFilterChain.doFilter(FilterChainProxy.java:374)
	at org.springframework.security.web.session.DisableEncodeUrlFilter.doFilterInternal(DisableEncodeUrlFilter.java:42)
	at org.springframework.web.filter.OncePerRequestFilter.doFilter(OncePerRequestFilter.java:116)
	at org.springframework.security.web.FilterChainProxy$VirtualFilterChain.doFilter(FilterChainProxy.java:374)
	at org.springframework.security.web.FilterChainProxy.doFilterInternal(FilterChainProxy.java:233)
	at org.springframework.security.web.FilterChainProxy.doFilter(FilterChainProxy.java:191)
	at org.springframework.web.filter.CompositeFilter$VirtualFilterChain.doFilter(CompositeFilter.java:113)
	at org.springframework.web.servlet.handler.HandlerMappingIntrospector.lambda$createCacheFilter$3(HandlerMappingIntrospector.java:195)
	at org.springframework.web.filter.CompositeFilter$VirtualFilterChain.doFilter(CompositeFilter.java:113)
	at org.springframework.web.filter.CompositeFilter.doFilter(CompositeFilter.java:74)
	at org.springframework.security.config.annotation.web.configuration.WebMvcSecurityConfiguration$CompositeFilterChainProxy.doFilter(WebMvcSecurityConfiguration.java:230)
	at org.springframework.web.filter.DelegatingFilterProxy.invokeDelegate(DelegatingFilterProxy.java:352)
	at org.springframework.web.filter.DelegatingFilterProxy.doFilter(DelegatingFilterProxy.java:268)
	at org.apache.catalina.core.ApplicationFilterChain.internalDoFilter(ApplicationFilterChain.java:175)
	at org.apache.catalina.core.ApplicationFilterChain.doFilter(ApplicationFilterChain.java:150)
	at org.springframework.web.filter.RequestContextFilter.doFilterInternal(RequestContextFilter.java:100)
	at org.springframework.web.filter.OncePerRequestFilter.doFilter(OncePerRequestFilter.java:116)
	at org.apache.catalina.core.ApplicationFilterChain.internalDoFilter(ApplicationFilterChain.java:175)
	at org.apache.catalina.core.ApplicationFilterChain.doFilter(ApplicationFilterChain.java:150)
	at org.springframework.web.filter.FormContentFilter.doFilterInternal(FormContentFilter.java:93)
	at org.springframework.web.filter.OncePerRequestFilter.doFilter(OncePerRequestFilter.java:116)
	at org.apache.catalina.core.ApplicationFilterChain.internalDoFilter(ApplicationFilterChain.java:175)
	at org.apache.catalina.core.ApplicationFilterChain.doFilter(ApplicationFilterChain.java:150)
	at org.springframework.session.web.http.SessionRepositoryFilter.doFilterInternal(SessionRepositoryFilter.java:142)
	at org.springframework.session.web.http.OncePerRequestFilter.doFilter(OncePerRequestFilter.java:82)
	at org.springframework.web.filter.DelegatingFilterProxy.invokeDelegate(DelegatingFilterProxy.java:352)
	at org.springframework.web.filter.DelegatingFilterProxy.doFilter(DelegatingFilterProxy.java:268)
	at org.apache.catalina.core.ApplicationFilterChain.internalDoFilter(ApplicationFilterChain.java:175)
	at org.apache.catalina.core.ApplicationFilterChain.doFilter(ApplicationFilterChain.java:150)
	at org.springframework.web.filter.CharacterEncodingFilter.doFilterInternal(CharacterEncodingFilter.java:201)
	at org.springframework.web.filter.OncePerRequestFilter.doFilter(OncePerRequestFilter.java:116)
	at org.apache.catalina.core.ApplicationFilterChain.internalDoFilter(ApplicationFilterChain.java:175)
	at org.apache.catalina.core.ApplicationFilterChain.doFilter(ApplicationFilterChain.java:150)
	at org.apache.catalina.core.StandardWrapperValve.invoke(StandardWrapperValve.java:167)
	at org.apache.catalina.core.StandardContextValve.invoke(StandardContextValve.java:90)
	at org.apache.catalina.authenticator.AuthenticatorBase.invoke(AuthenticatorBase.java:482)
	at org.apache.catalina.core.StandardHostValve.invoke(StandardHostValve.java:115)
	at org.apache.catalina.valves.ErrorReportValve.invoke(ErrorReportValve.java:93)
	at org.apache.catalina.core.StandardEngineValve.invoke(StandardEngineValve.java:74)
	at org.apache.catalina.connector.CoyoteAdapter.service(CoyoteAdapter.java:344)
	at org.apache.coyote.http11.Http11Processor.service(Http11Processor.java:391)
	at org.apache.coyote.AbstractProcessorLight.process(AbstractProcessorLight.java:63)
	at org.apache.coyote.AbstractProtocol$ConnectionHandler.process(AbstractProtocol.java:896)
	at org.apache.tomcat.util.net.NioEndpoint$SocketProcessor.doRun(NioEndpoint.java:1736)
	at org.apache.tomcat.util.net.SocketProcessorBase.run(SocketProcessorBase.java:52)
	at org.apache.tomcat.util.threads.ThreadPoolExecutor.runWorker(ThreadPoolExecutor.java:1191)
	at org.apache.tomcat.util.threads.ThreadPoolExecutor$Worker.run(ThreadPoolExecutor.java:659)
	at org.apache.tomcat.util.threads.TaskThread$WrappingRunnable.run(TaskThread.java:63)
	at java.base/java.lang.Thread.run(Thread.java:842)
2026-05-24 12:39:05 [http-nio-8080-exec-1] INFO  g.demo.controller.LoginController - 登录成功 - 用户名: admin, VIP状态: 终身VIP, SessionId: 2cb788ca-3866-4008-a024-34f4c6ad56f7
2026-05-24 12:39:05 [http-nio-8080-exec-1] DEBUG o.s.d.r.core.RedisConnectionUtils - Fetching Redis Connection from RedisConnectionFactory
2026-05-24 12:39:05 [http-nio-8080-exec-1] DEBUG o.s.d.r.core.RedisConnectionUtils - Closing Redis Connection
2026-05-24 12:39:05 [http-nio-8080-exec-1] DEBUG o.s.d.r.core.RedisConnectionUtils - Fetching Redis Connection from RedisConnectionFactory
2026-05-24 12:39:05 [http-nio-8080-exec-1] DEBUG o.s.d.r.core.RedisConnectionUtils - Closing Redis Connection
2026-05-24 12:39:05 [http-nio-8080-exec-1] DEBUG o.s.d.r.core.RedisConnectionUtils - Fetching Redis Connection from RedisConnectionFactory
2026-05-24 12:39:05 [http-nio-8080-exec-1] DEBUG o.s.d.r.core.RedisConnectionUtils - Closing Redis Connection
2026-05-24 12:39:05 [http-nio-8080-exec-9] DEBUG o.s.d.r.core.RedisConnectionUtils - Fetching Redis Connection from RedisConnectionFactory
2026-05-24 12:39:05 [http-nio-8080-exec-9] DEBUG o.s.d.r.core.RedisConnectionUtils - Closing Redis Connection
2026-05-24 12:39:05 [http-nio-8080-exec-9] DEBUG o.s.d.r.core.RedisConnectionUtils - Fetching Redis Connection from RedisConnectionFactory
2026-05-24 12:39:05 [http-nio-8080-exec-9] DEBUG o.s.d.r.core.RedisConnectionUtils - Closing Redis Connection
2026-05-24 12:39:05 [http-nio-8080-exec-9] DEBUG o.s.d.r.core.RedisConnectionUtils - Fetching Redis Connection from RedisConnectionFactory
2026-05-24 12:39:05 [http-nio-8080-exec-9] DEBUG o.s.d.r.core.RedisConnectionUtils - Closing Redis Connection
2026-05-24 12:39:05 [http-nio-8080-exec-9] DEBUG o.s.d.r.core.RedisConnectionUtils - Fetching Redis Connection from RedisConnectionFactory
2026-05-24 12:39:05 [http-nio-8080-exec-9] DEBUG o.s.d.r.core.RedisConnectionUtils - Closing Redis Connection
2026-05-24 12:39:05 [http-nio-8080-exec-9] DEBUG o.s.d.r.core.RedisConnectionUtils - Fetching Redis Connection from RedisConnectionFactory
2026-05-24 12:39:05 [http-nio-8080-exec-9] DEBUG o.s.d.r.core.RedisConnectionUtils - Closing Redis Connection
2026-05-24 12:39:05 [http-nio-8080-exec-9] DEBUG o.s.d.r.core.RedisConnectionUtils - Fetching Redis Connection from RedisConnectionFactory
2026-05-24 12:39:05 [http-nio-8080-exec-9] DEBUG o.s.d.r.core.RedisConnectionUtils - Closing Redis Connection
2026-05-24 12:39:09 [http-nio-8080-exec-10] DEBUG o.s.d.r.core.RedisConnectionUtils - Fetching Redis Connection from RedisConnectionFactory
2026-05-24 12:39:09 [http-nio-8080-exec-10] DEBUG o.s.d.r.core.RedisConnectionUtils - Closing Redis Connection
2026-05-24 12:39:09 [http-nio-8080-exec-10] DEBUG o.s.d.r.core.RedisConnectionUtils - Fetching Redis Connection from RedisConnectionFactory
2026-05-24 12:39:09 [http-nio-8080-exec-10] DEBUG o.s.d.r.core.RedisConnectionUtils - Closing Redis Connection
2026-05-24 12:39:09 [http-nio-8080-exec-10] DEBUG o.s.d.r.core.RedisConnectionUtils - Fetching Redis Connection from RedisConnectionFactory
2026-05-24 12:39:09 [http-nio-8080-exec-10] DEBUG o.s.d.r.core.RedisConnectionUtils - Closing Redis Connection
2026-05-24 12:39:09 [http-nio-8080-exec-10] DEBUG o.s.d.r.core.RedisConnectionUtils - Fetching Redis Connection from RedisConnectionFactory
2026-05-24 12:39:09 [http-nio-8080-exec-10] DEBUG o.s.d.r.core.RedisConnectionUtils - Closing Redis Connection
2026-05-24 12:39:09 [http-nio-8080-exec-10] DEBUG o.s.d.r.core.RedisConnectionUtils - Fetching Redis Connection from RedisConnectionFactory
2026-05-24 12:39:09 [http-nio-8080-exec-10] DEBUG o.s.d.r.core.RedisConnectionUtils - Closing Redis Connection
2026-05-24 12:39:09 [http-nio-8080-exec-10] DEBUG o.s.d.r.core.RedisConnectionUtils - Fetching Redis Connection from RedisConnectionFactory
2026-05-24 12:39:09 [http-nio-8080-exec-10] DEBUG o.s.d.r.core.RedisConnectionUtils - Closing Redis Connection
2026-05-24 12:39:10 [http-nio-8080-exec-3] DEBUG o.s.d.r.core.RedisConnectionUtils - Fetching Redis Connection from RedisConnectionFactory
2026-05-24 12:39:10 [http-nio-8080-exec-3] DEBUG o.s.d.r.core.RedisConnectionUtils - Closing Redis Connection
2026-05-24 12:39:10 [http-nio-8080-exec-3] DEBUG o.s.d.r.core.RedisConnectionUtils - Fetching Redis Connection from RedisConnectionFactory
2026-05-24 12:39:10 [http-nio-8080-exec-3] DEBUG o.s.d.r.core.RedisConnectionUtils - Closing Redis Connection
2026-05-24 12:39:10 [http-nio-8080-exec-3] DEBUG o.s.d.r.core.RedisConnectionUtils - Fetching Redis Connection from RedisConnectionFactory
2026-05-24 12:39:10 [http-nio-8080-exec-3] DEBUG o.s.d.r.core.RedisConnectionUtils - Closing Redis Connection
2026-05-24 12:39:10 [http-nio-8080-exec-3] DEBUG o.s.d.r.core.RedisConnectionUtils - Fetching Redis Connection from RedisConnectionFactory
2026-05-24 12:39:10 [http-nio-8080-exec-3] DEBUG o.s.d.r.core.RedisConnectionUtils - Closing Redis Connection
2026-05-24 12:39:10 [http-nio-8080-exec-3] DEBUG o.s.d.r.core.RedisConnectionUtils - Fetching Redis Connection from RedisConnectionFactory
2026-05-24 12:39:10 [http-nio-8080-exec-3] DEBUG o.s.d.r.core.RedisConnectionUtils - Closing Redis Connection
2026-05-24 12:39:10 [http-nio-8080-exec-3] DEBUG o.s.d.r.core.RedisConnectionUtils - Fetching Redis Connection from RedisConnectionFactory
2026-05-24 12:39:10 [http-nio-8080-exec-3] DEBUG o.s.d.r.core.RedisConnectionUtils - Closing Redis Connection
2026-05-24 12:39:10 [http-nio-8080-exec-4] DEBUG o.s.d.r.core.RedisConnectionUtils - Fetching Redis Connection from RedisConnectionFactory
2026-05-24 12:39:10 [http-nio-8080-exec-4] DEBUG o.s.d.r.core.RedisConnectionUtils - Closing Redis Connection
2026-05-24 12:39:10 [http-nio-8080-exec-4] DEBUG o.s.d.r.core.RedisConnectionUtils - Fetching Redis Connection from RedisConnectionFactory
2026-05-24 12:39:10 [http-nio-8080-exec-4] DEBUG o.s.d.r.core.RedisConnectionUtils - Closing Redis Connection
2026-05-24 12:39:10 [http-nio-8080-exec-4] DEBUG o.s.d.r.core.RedisConnectionUtils - Fetching Redis Connection from RedisConnectionFactory
2026-05-24 12:39:10 [http-nio-8080-exec-4] DEBUG o.s.d.r.core.RedisConnectionUtils - Closing Redis Connection
2026-05-24 12:39:10 [http-nio-8080-exec-4] DEBUG o.s.d.r.core.RedisConnectionUtils - Fetching Redis Connection from RedisConnectionFactory
2026-05-24 12:39:10 [http-nio-8080-exec-4] DEBUG o.s.d.r.core.RedisConnectionUtils - Closing Redis Connection
2026-05-24 12:39:10 [http-nio-8080-exec-4] DEBUG o.s.d.r.core.RedisConnectionUtils - Fetching Redis Connection from RedisConnectionFactory
2026-05-24 12:39:10 [http-nio-8080-exec-4] DEBUG o.s.d.r.core.RedisConnectionUtils - Closing Redis Connection
2026-05-24 12:39:10 [http-nio-8080-exec-4] DEBUG o.s.d.r.core.RedisConnectionUtils - Fetching Redis Connection from RedisConnectionFactory
2026-05-24 12:39:10 [http-nio-8080-exec-4] DEBUG o.s.d.r.core.RedisConnectionUtils - Closing Redis Connection
2026-05-24 12:39:10 [http-nio-8080-exec-4] DEBUG o.s.d.r.core.RedisConnectionUtils - Fetching Redis Connection from RedisConnectionFactory
2026-05-24 12:39:10 [http-nio-8080-exec-4] DEBUG o.s.d.r.core.RedisConnectionUtils - Closing Redis Connection
2026-05-24 12:39:10 [http-nio-8080-exec-4] DEBUG o.s.d.r.core.RedisConnectionUtils - Fetching Redis Connection from RedisConnectionFactory
2026-05-24 12:39:10 [http-nio-8080-exec-4] DEBUG o.s.d.r.core.RedisConnectionUtils - Closing Redis Connection
2026-05-24 12:39:10 [http-nio-8080-exec-4] DEBUG o.s.d.r.core.RedisConnectionUtils - Fetching Redis Connection from RedisConnectionFactory
2026-05-24 12:39:10 [http-nio-8080-exec-4] DEBUG o.s.d.r.core.RedisConnectionUtils - Closing Redis Connection
2026-05-24 12:39:10 [http-nio-8080-exec-4] DEBUG o.s.d.r.core.RedisConnectionUtils - Fetching Redis Connection from RedisConnectionFactory
2026-05-24 12:39:10 [http-nio-8080-exec-4] DEBUG o.s.d.r.core.RedisConnectionUtils - Closing Redis Connection
2026-05-24 12:39:10 [http-nio-8080-exec-4] DEBUG o.s.d.r.core.RedisConnectionUtils - Fetching Redis Connection from RedisConnectionFactory
2026-05-24 12:39:10 [http-nio-8080-exec-4] DEBUG o.s.d.r.core.RedisConnectionUtils - Closing Redis Connection
2026-05-24 12:39:10 [http-nio-8080-exec-4] DEBUG o.s.d.r.core.RedisConnectionUtils - Fetching Redis Connection from RedisConnectionFactory
2026-05-24 12:39:10 [http-nio-8080-exec-4] DEBUG o.s.d.r.core.RedisConnectionUtils - Closing Redis Connection
2026-05-24 12:39:25 [http-nio-8080-exec-2] DEBUG o.s.d.r.core.RedisConnectionUtils - Fetching Redis Connection from RedisConnectionFactory
2026-05-24 12:39:25 [http-nio-8080-exec-2] DEBUG o.s.d.r.core.RedisConnectionUtils - Closing Redis Connection
2026-05-24 12:39:25 [http-nio-8080-exec-2] DEBUG o.s.d.r.core.RedisConnectionUtils - Fetching Redis Connection from RedisConnectionFactory
2026-05-24 12:39:25 [http-nio-8080-exec-2] DEBUG o.s.d.r.core.RedisConnectionUtils - Closing Redis Connection
2026-05-24 12:39:25 [http-nio-8080-exec-2] DEBUG o.s.d.r.core.RedisConnectionUtils - Fetching Redis Connection from RedisConnectionFactory
2026-05-24 12:39:25 [http-nio-8080-exec-2] DEBUG o.s.d.r.core.RedisConnectionUtils - Closing Redis Connection
2026-05-24 12:39:25 [http-nio-8080-exec-2] DEBUG o.s.d.r.core.RedisConnectionUtils - Fetching Redis Connection from RedisConnectionFactory
2026-05-24 12:39:25 [http-nio-8080-exec-2] DEBUG o.s.d.r.core.RedisConnectionUtils - Closing Redis Connection
2026-05-24 12:39:25 [http-nio-8080-exec-2] DEBUG o.s.d.r.core.RedisConnectionUtils - Fetching Redis Connection from RedisConnectionFactory
2026-05-24 12:39:25 [http-nio-8080-exec-2] DEBUG o.s.d.r.core.RedisConnectionUtils - Closing Redis Connection
2026-05-24 12:39:25 [http-nio-8080-exec-2] DEBUG o.s.d.r.core.RedisConnectionUtils - Fetching Redis Connection from RedisConnectionFactory
2026-05-24 12:39:25 [http-nio-8080-exec-2] DEBUG o.s.d.r.core.RedisConnectionUtils - Closing Redis Connection
